scaffold00057|napA|0_1987,0.699415
scaffold00081|napA|27526_30914,2.59736
scaffold00084|napA|9670_13601,1.29596
scaffold00092|napA|21876_26425,0.625379
scaffold00095|napA|15380_18000,1.14913
scaffold00119|napA|11818_16364,1.19337
scaffold00121|napA|0_1369,0.410987
scaffold00189|napA|12441_16960,1.78611
scaffold00194|napA|13700_18051,0.714667
scaffold00207|napA|11298_15178,0.409248
scaffold00282|napA|7570_11639,1.29265
scaffold00345|napA|3061_7235,0.855934
scaffold00458|napA|10928_14031,1.08749
scaffold00510|napA|6820_9071,3.55712
scaffold00615|napA|2761_6713,0.234378
scaffold00712|napA|1557_4726,0.709886
scaffold00716|napA|0_3532,2.4165
scaffold00842|napA|2422_6956,0.96306
scaffold00861|napA|5039_9108,3.13
scaffold00898|napA|8996_10675,1.59646
scaffold01021|napA|4031_7200,0.354943
scaffold01030|napA|0_2429,0.136212
scaffold01055|napA|4384_7274,2.65586
scaffold01132|napA|1748_5709,1.06065
scaffold01153|napA|5883_9465,0.406362
scaffold01171|napA|7126_9373,0
scaffold01241|napA|0_2497,0.424004
scaffold01249|napA|2747_6558,0.729154
scaffold01341|napA|1054_4937,6.72181
scaffold01364|napA|208_4244,0.967172
scaffold01443|napA|0_4070,81.2869
scaffold01565|napA|1365_5266,6.15655
scaffold02053|napA|3718_6667,0.818956
scaffold02072|napA|1443_5626,1.15461
scaffold02128|napA|0_2963,1.69716
scaffold02357|napA|3298_6116,1.04488
scaffold02401|napA|2759_6048,3.88258
scaffold02407|napA|1861_5915,0.424318
scaffold02424|napA|0_3875,2.05742
scaffold02439|napA|895_3554,2.84935
scaffold02624|napA|0_2900,1.40321
scaffold02633|napA|3085_5713,0.42804
scaffold02688|napA|629_4623,4.08331
scaffold02901|napA|2283_5370,1.86474
scaffold03164|napA|2223_5054,1.33224
scaffold03406|napA|0_3163,0.711233
scaffold03611|napA|1216_4615,0.661836
scaffold03890|napA|1234_4383,0.147082
scaffold04044|napA|2511_4267,0.150757
scaffold04101|napA|2867_4230,33.6794
scaffold04305|napA|537_4115,0.943075
scaffold04332|napA|2000_4095,6.47548
scaffold04407|napA|0_2897,0.593841
scaffold05058|napA|0_2758,1.28355
scaffold05279|napA|2077_3577,0.397133
scaffold05464|napA|417_3486,0.689906
scaffold05767|napA|1414_3347,9.58619
scaffold05787|napA|0_1777,0.372436
scaffold06332|napA|0_3144,0.220973
scaffold06418|napA|432_3110,0.345919
scaffold07082|napA|80_2896,0.869397
scaffold07954|napA|1357_2672,4.95834
scaffold08820|napA|0_2491,1.48759
scaffold09045|napA|0_2449,0.513378
scaffold09110|napA|0_2436,1.54836
scaffold09249|napA|0_2409,0.137344
scaffold09357|napA|0_2389,11.315
scaffold100183|napA|0_483,0.0686148
scaffold101101|napA|0_481,2.06702
scaffold10173|napA|0_2260,1.0541
scaffold103000|napA|0_475,0.418637
scaffold103275|napA|0_475,0.139546
scaffold105436|napA|0_469,1.55468
scaffold106298|napA|0_467,0.851649
scaffold106583|napA|0_466,0.85348
scaffold10659|napA|0_1401,4.55926
scaffold107647|napA|0_463,1.9328
scaffold107728|napA|0_463,1.07378
scaffold10897|napA|0_2152,4.3666
scaffold10970|napA|0_2142,1.06585
scaffold11033|napA|0_2134,0.0930305
scaffold111222|napA|0_454,0.146015
scaffold111278|napA|0_454,1.67917
scaffold111611|napA|0_453,0.292676
scaffold112721|napA|0_450,0
scaffold11321|napA|0_2095,0.28429
scaffold113769|napA|0_448,1.33177
scaffold116945|napA|0_441,0.67648
scaffold120521|napA|0_433,1.53113
scaffold12245|napA|0_1882,1.67032
scaffold125470|napA|0_423,0
scaffold127482|napA|0_419,1.97801
scaffold12752|napA|0_1561,0.720808
scaffold12822|napA|0_1917,2.38204
scaffold13024|napA|0_1295,46.6182
scaffold131261|napA|0_412,2.73591
scaffold131355|napA|0_412,1.44842
scaffold133017|napA|0_409,0.486358
scaffold134341|napA|0_406,0.816601
scaffold13459|napA|0_1855,0.285414
scaffold134912|napA|0_405,0
scaffold134970|napA|0_405,0
scaffold135558|napA|0_404,0
scaffold135563|napA|0_404,1.14892
scaffold136025|napA|0_403,0.329078
scaffold136458|napA|0_402,0.824747
scaffold136937|napA|0_402,2.06187
scaffold136998|napA|0_401,1.15753
scaffold139693|napA|0_397,0
scaffold140567|napA|0_396,1.33964
scaffold141844|napA|0_394,0
scaffold14337|napA|140_1771,7.142
scaffold14577|napA|0_1749,35.5887
scaffold145837|napA|0_387,0.856797
scaffold14803|napA|105_1731,5.00665
scaffold148473|napA|0_383,1.38523
scaffold14958|napA|0_1719,0.423511
scaffold14963|napA|0_1719,0.115503
scaffold149919|napA|0_381,0
scaffold151007|napA|0_380,0.523573
scaffold15207|napA|328_1700,7.50219
scaffold152536|napA|0_377,0.52775
scaffold152634|napA|0_377,0.351833
scaffold155259|napA|0_374,0.354663
scaffold155515|napA|0_373,0.177808
scaffold157213|napA|0_371,1.96646
scaffold158674|napA|0_369,0.269612
scaffold15903|napA|0_1644,1.26814
scaffold15911|napA|0_1644,0.483102
scaffold16098|napA|0_1631,0.365216
scaffold161528|napA|0_365,162.545
scaffold161590|napA|0_365,0.0908581
scaffold164608|napA|0_361,14.7907
scaffold16694|napA|0_1588,0.937779
scaffold17128|napA|199_1559,12.2652
scaffold173488|napA|0_351,1.51188
scaffold175395|napA|0_348,0
scaffold177784|napA|0_346,1.2462
scaffold177850|napA|0_345,0.0961406
scaffold17791|napA|0_1518,0.436023
scaffold178547|napA|0_345,0
scaffold179069|napA|0_344,0.578525
scaffold181136|napA|0_342,0.484932
scaffold182621|napA|0_340,0.780468
scaffold183819|napA|0_339,0.195694
scaffold184315|napA|0_339,14.1878
scaffold184715|napA|0_338,1.17765
scaffold18471|napA|0_1479,5.28084
scaffold18772|napA|0_1462,0.498009
scaffold188328|napA|0_335,1.18823
scaffold188401|napA|0_334,0
scaffold188534|napA|0_334,0
scaffold19177|napA|0_1439,0.59797
scaffold19223|napA|0_1436,4.8629
scaffold193329|napA|0_330,2.01048
scaffold193584|napA|0_329,1.0083
scaffold194664|napA|0_328,0
scaffold195347|napA|0_328,0
scaffold195659|napA|0_327,0
scaffold19670|napA|0_1413,1.42876
scaffold196744|napA|0_326,1.42466
scaffold19675|napA|0_1412,7.05512
scaffold204299|napA|0_319,0
scaffold204678|napA|0_319,0.416004
scaffold20497|napA|110_1372,1.49494
scaffold207558|napA|0_316,0
scaffold20854|napA|77_1355,0.725157
scaffold209625|napA|0_314,2.74722
scaffold210775|napA|0_313,0
scaffold216378|napA|0_309,0.429511
scaffold219277|napA|0_307,0
scaffold222976|napA|0_304,16.9182
scaffold226528|napA|0_301,0
scaffold22677|napA|0_1278,0.362579
scaffold226980|napA|0_300,0.774269
scaffold234789|napA|0_295,0
scaffold240297|napA|0_291,0
scaffold241803|napA|0_290,0.686623
scaffold242309|napA|0_289,0.229669
scaffold248701|napA|0_285,0
scaffold249120|napA|0_285,7.80228
scaffold25546|napA|0_1174,2.39655
scaffold26143|napA|0_1156,0.515413
scaffold263191|napA|0_276,0.481052
scaffold263306|napA|0_276,0
scaffold267894|napA|0_273,0
scaffold269609|napA|0_272,0
scaffold270699|napA|0_271,0
scaffold275118|napA|0_269,0
scaffold27552|napA|0_1115,1.81096
scaffold27863|napA|0_1107,0
scaffold28020|napA|0_1102,0.180231
scaffold283616|napA|0_264,0
scaffold286193|napA|0_263,1.2623
scaffold288568|napA|0_262,0
scaffold289349|napA|0_261,1.01761
scaffold292159|napA|0_260,1.02154
scaffold293466|napA|0_259,0
scaffold29481|napA|0_1062,3.14826
scaffold308118|napA|0_253,0
scaffold30842|napA|0_1030,0.514244
scaffold31764|napA|0_1008,1.74065
scaffold31983|napA|0_1003,3.23462
scaffold32208|napA|0_999,3.54583
scaffold32912|napA|0_983,1.95336
scaffold329413|napA|0_244,0.2722
scaffold32987|napA|0_982,0.943961
scaffold33090|napA|0_980,0.540508
scaffold332903|napA|0_243,0.409988
scaffold33479|napA|0_973,2.61993
scaffold336088|napA|0_210,0.316482
scaffold33976|napA|0_962,3.57911
scaffold34190|napA|0_958,0
scaffold35901|napA|0_925,0.429511
scaffold35961|napA|0_924,0.967447
scaffold36468|napA|0_916,0.578314
scaffold36526|napA|0_915,1.51974
scaffold38245|napA|0_888,0.447428
scaffold39674|napA|0_865,0
scaffold40425|napA|0_854,0.775436
scaffold43712|napA|0_811,0
scaffold50531|napA|0_738,0
scaffold50925|napA|0_734,0.180477
scaffold51036|napA|0_733,0.361446
scaffold51493|napA|0_729,0
scaffold52623|napA|0_719,0.921235
scaffold53030|napA|0_715,2.73287
scaffold53462|napA|0_712,0.837275
scaffold54759|napA|0_701,2.26782
scaffold54766|napA|0_701,1.08666
scaffold55495|napA|0_695,0.571856
scaffold56763|napA|0_685,0.193406
scaffold57923|napA|0_676,4.80162
scaffold57991|napA|0_675,14.1809
scaffold58397|napA|0_672,0.887187
scaffold63606|napA|0_636,1.04165
scaffold63994|napA|0_634,11.8601
scaffold66385|napA|0_620,2.83172
scaffold68327|napA|0_609,0.217581
scaffold69225|napA|0_604,0.329078
scaffold69803|napA|0_601,2.70091
scaffold70007|napA|0_600,1.65638
scaffold70806|napA|0_596,0.44467
scaffold72044|napA|0_590,0.5615
scaffold72603|napA|0_587,0
scaffold72926|napA|0_585,0.679569
scaffold73027|napA|0_585,0.679569
scaffold73652|napA|0_582,0.455385
scaffold73678|napA|0_582,0
scaffold75783|napA|0_572,0.695041
scaffold75912|napA|0_571,0.290108
scaffold76645|napA|0_568,2.74145
scaffold78696|napA|0_559,0.355617
scaffold88266|napA|0_522,0
scaffold88358|napA|0_521,1.08121
scaffold91126|napA|0_512,0.129442
scaffold91658|napA|0_510,0.12995
scaffold91978|napA|0_509,1.04165
scaffold93914|napA|0_503,1.18586
scaffold96463|napA|0_494,0.268335
scaffold96982|napA|0_493,0.336101
