Query	Marker	Taxonomy	Confident_Taxonomy	Abundance	Likelihood	WTD
scaffold35415	napA	Bacteria; Actinobacteria; Coriobacteriia; Eggerthellales; Eggerthellaceae	Bacteria; Actinobacteria; Coriobacteriia; Eggerthellales; Eggerthellaceae	2.22078	0.819068	0.125
scaffold02365	napA	Bacteria; Thermodesulfobacteria; Thermodesulfobacteria; Thermodesulfobacteriales; Thermodesulfobacteriaceae; Caldimicrobium	Bacteria; Thermodesulfobacteria; Thermodesulfobacteria; Thermodesulfobacteriales; Thermodesulfobacteriaceae	1.74254	0.493591	0.0
scaffold00445	napA	Bacteria; Proteobacteria; Gammaproteobacteria; unclassified Gammaproteobacteria; Candidatus Thioglobus	Bacteria; Proteobacteria; Gammaproteobacteria; unclassified Gammaproteobacteria; Candidatus Thioglobus	0.107479	1.0	0.0
scaffold195851	napA	Bacteria; Firmicutes; Clostridia; Clostridiales; Symbiobacteriaceae; Symbiobacterium; Symbiobacterium thermophilum	Bacteria; Firmicutes; Clostridia; Clostridiales; Symbiobacteriaceae	1.36839	0.703644	0.0
scaffold72263	napA	Bacteria; Thermodesulfobacteria; Thermodesulfobacteria; Thermodesulfobacteriales; Thermodesulfobacteriaceae; Caldimicrobium	Bacteria; Thermodesulfobacteria; Thermodesulfobacteria; Thermodesulfobacteriales; Thermodesulfobacteriaceae	1.72585	0.814558	0.0
scaffold115609	napA	Bacteria; Firmicutes; Clostridia; Clostridiales; Symbiobacteriaceae; Symbiobacterium; Symbiobacterium thermophilum	Bacteria; Firmicutes; Clostridia; Clostridiales; Symbiobacteriaceae	2.0296	0.999018	0.0
scaffold156547	napA	Bacteria; Firmicutes; Clostridia; Clostridiales; Symbiobacteriaceae; Symbiobacterium; Symbiobacterium thermophilum	Bacteria; Firmicutes; Clostridia; Clostridiales; Symbiobacteriaceae	1.20469	0.999867	0.0
scaffold42772	napA	Bacteria	Bacteria	0.402385	0.343112	0.4375
scaffold62005	napA	Bacteria; Proteobacteria; Alphaproteobacteria; Rhodospirillales; Rhodospirillaceae; Caenispirillum; Caenispirillum salinarum	Bacteria; Proteobacteria; Alphaproteobacteria; Rhodospirillales; Rhodospirillaceae	1.27434	0.999637	0.0
scaffold45931	napA	Bacteria; Firmicutes; Clostridia; Clostridiales; Symbiobacteriaceae; Symbiobacterium; Symbiobacterium thermophilum	Bacteria; Firmicutes; Clostridia; Clostridiales; Symbiobacteriaceae	0	0.987583	0.0
scaffold82829	napA	Bacteria; Proteobacteria; Gammaproteobacteria; unclassified Gammaproteobacteria; Candidatus Thioglobus	Bacteria; Proteobacteria; Gammaproteobacteria; unclassified Gammaproteobacteria; Candidatus Thioglobus	0.277939	1.0	0.0
scaffold00184	napA	Bacteria; Firmicutes; Clostridia; Clostridiales; Symbiobacteriaceae; Symbiobacterium; Symbiobacterium thermophilum	Bacteria; Firmicutes; Clostridia; Clostridiales; Symbiobacteriaceae	0.438726	0.999936	0.0
scaffold10001	napA	Bacteria; Firmicutes; Clostridia; Clostridiales; Symbiobacteriaceae; Symbiobacterium; Symbiobacterium thermophilum	Bacteria; Firmicutes; Clostridia; Clostridiales; Symbiobacteriaceae	0.442759	0.900484	0.0
scaffold15281	napA	unclassified sequences; metagenomes; ecological metagenomes	unclassified sequences; metagenomes; ecological metagenomes	12.8126	0.360175	0.0
scaffold107298	napA	Bacteria; Bacteroidetes	Bacteria; Bacteroidetes	0.324033	0.316404	0.325
scaffold82766	napA	Bacteria; Proteobacteria; Gammaproteobacteria; unclassified Gammaproteobacteria; Candidatus Thioglobus	Bacteria; Proteobacteria; Gammaproteobacteria; unclassified Gammaproteobacteria; Candidatus Thioglobus	1.52866	1.0	0.0
scaffold207510	napA	Bacteria; Firmicutes; Clostridia; Clostridiales; Symbiobacteriaceae; Symbiobacterium; Symbiobacterium thermophilum	Bacteria; Firmicutes; Clostridia; Clostridiales; Symbiobacteriaceae	0.118149	0.285552	0.0
scaffold251701	napA	Bacteria; Deferribacteres; Deferribacteres; Deferribacterales; Deferribacteraceae	Bacteria; Deferribacteres; Deferribacteres; Deferribacterales; Deferribacteraceae	4.18909	0.215566	0.075
scaffold06078	napA	unclassified sequences; metagenomes; ecological metagenomes	unclassified sequences; metagenomes; ecological metagenomes	27.792	0.440805	0.0
scaffold67270	napA	Bacteria; Firmicutes; Clostridia; Clostridiales; Symbiobacteriaceae; Symbiobacterium; Symbiobacterium thermophilum	Bacteria; Firmicutes; Clostridia; Clostridiales; Symbiobacteriaceae	12.578	0.68254	0.0
scaffold105890	napA	Bacteria; Firmicutes; Clostridia; Clostridiales; Symbiobacteriaceae; Symbiobacterium; Symbiobacterium thermophilum	Bacteria; Firmicutes; Clostridia; Clostridiales; Symbiobacteriaceae	1.60822	1.0	0.0
scaffold89308	napA	Bacteria; Firmicutes; Clostridia; Clostridiales; Symbiobacteriaceae; Symbiobacterium; Symbiobacterium thermophilum	Bacteria; Firmicutes; Clostridia; Clostridiales; Symbiobacteriaceae	0.436364	0.887404	0.0
scaffold71802	napA	Bacteria; Firmicutes; Clostridia; Clostridiales; Symbiobacteriaceae; Symbiobacterium; Symbiobacterium thermophilum	Bacteria; Firmicutes; Clostridia; Clostridiales; Symbiobacteriaceae	0.382031	0.887404	0.0
scaffold08122	napA	Bacteria	Bacteria	13.0285	0.3874	0.4375
scaffold25272	napA	Bacteria; Thermodesulfobacteria; Thermodesulfobacteria; Thermodesulfobacteriales; Thermodesulfobacteriaceae; Caldimicrobium	Bacteria; Thermodesulfobacteria; Thermodesulfobacteria; Thermodesulfobacteriales; Thermodesulfobacteriaceae	17.2121	0.427135	0.0
scaffold01751	napA	Bacteria; Deferribacteres; Deferribacteres; Deferribacterales; Deferribacteraceae	Bacteria; Deferribacteres; Deferribacteres; Deferribacterales; Deferribacteraceae	0.249215	0.956263	0.075
scaffold00958	napA	Bacteria	Bacteria	0.55075	0.42693	0.28125
scaffold140489	napA	Bacteria; Firmicutes; Clostridia; Clostridiales; Symbiobacteriaceae; Symbiobacterium; Symbiobacterium thermophilum	Bacteria; Firmicutes; Clostridia; Clostridiales; Symbiobacteriaceae	0.7567	0.361347	0.0
scaffold01304	napA	Bacteria; Deferribacteres; Deferribacteres; Deferribacterales; Deferribacteraceae	Bacteria; Deferribacteres; Deferribacteres; Deferribacterales; Deferribacteraceae	0.584905	0.972018	0.075
scaffold00107	napA	Bacteria; Firmicutes; Clostridia; Clostridiales; Symbiobacteriaceae; Symbiobacterium; Symbiobacterium thermophilum	Bacteria; Firmicutes; Clostridia; Clostridiales; Symbiobacteriaceae	3.09957	0.552047	0.0
scaffold127366	napA	Bacteria; Firmicutes; Clostridia; Clostridiales; Symbiobacteriaceae; Symbiobacterium; Symbiobacterium thermophilum	Bacteria; Firmicutes; Clostridia; Clostridiales; Symbiobacteriaceae	0.536513	0.96929	0.0
scaffold06474	napA	Bacteria; Deferribacteres; Deferribacteres; Deferribacterales; Deferribacteraceae	Bacteria; Deferribacteres; Deferribacteres; Deferribacterales; Deferribacteraceae	4.81577	0.905402	0.075
scaffold196285	napA	Bacteria; Planctomycetes; Planctomycetia; Planctomycetales; Planctomycetaceae; Rhodopirellula	Bacteria; Planctomycetes; Planctomycetia; Planctomycetales; Planctomycetaceae	0.915449	0.868613	0.0
scaffold204735	napA	Bacteria; Nitrospirae; Nitrospira; Nitrospirales; Nitrospiraceae; Nitrospira	Bacteria; Nitrospirae; Nitrospira; Nitrospirales; Nitrospiraceae	0.701299	0.408712	0.0
scaffold158118	napA	Bacteria; Thermodesulfobacteria; Thermodesulfobacteria; Thermodesulfobacteriales; Thermodesulfobacteriaceae; Caldimicrobium	Bacteria; Thermodesulfobacteria; Thermodesulfobacteria; Thermodesulfobacteriales; Thermodesulfobacteriaceae	2.12121	0.330937	0.0
scaffold243144	napA	Bacteria; Proteobacteria	Bacteria; Proteobacteria	0	0.216597	0.16912
scaffold170544	napA	Bacteria	Bacteria	0.211144	0.505808	0.39062
scaffold00454	napA	Bacteria; Proteobacteria; Deltaproteobacteria	Bacteria; Proteobacteria; Deltaproteobacteria	0.885749	0.463276	0.21875
scaffold01953	napA	Bacteria; Proteobacteria; Gammaproteobacteria; unclassified Gammaproteobacteria; Candidatus Thioglobus	Bacteria; Proteobacteria; Gammaproteobacteria; unclassified Gammaproteobacteria; Candidatus Thioglobus	9.80482	1.0	0.0
scaffold201413	napA	Bacteria	Bacteria	5.10639	0.222895	0.15625
scaffold00223	napA	Bacteria; Firmicutes; Clostridia; Clostridiales; Symbiobacteriaceae; Symbiobacterium; Symbiobacterium thermophilum	Bacteria; Firmicutes; Clostridia; Clostridiales; Symbiobacteriaceae	0.829509	1.0	0.0
scaffold29226	napA	Bacteria; Firmicutes; Clostridia; Clostridiales; Symbiobacteriaceae; Symbiobacterium; Symbiobacterium thermophilum	Bacteria; Firmicutes; Clostridia; Clostridiales; Symbiobacteriaceae	0	0.587832	0.0
scaffold120275	napA	Bacteria; Bacteroidetes; Cytophagia; Cytophagales; Flammeovirgaceae; Flammeovirga	Bacteria; Bacteroidetes; Cytophagia; Cytophagales; Flammeovirgaceae	0.432901	0.52658	0.0
scaffold00221	napA	Bacteria; Proteobacteria	Bacteria; Proteobacteria	4.21561	0.940041	0.20392
scaffold65832	napA	Bacteria; Firmicutes; Clostridia; Clostridiales; Symbiobacteriaceae; Symbiobacterium; Symbiobacterium thermophilum	Bacteria; Firmicutes; Clostridia; Clostridiales; Symbiobacteriaceae	5.89572	0.423286	0.0
scaffold36211	napA	Bacteria; Firmicutes; Clostridia; Clostridiales; Symbiobacteriaceae; Symbiobacterium; Symbiobacterium thermophilum	Bacteria; Firmicutes; Clostridia; Clostridiales; Symbiobacteriaceae	1.38675	0.998572	0.0
scaffold223412	napA	Bacteria; Proteobacteria; Deltaproteobacteria; Desulfobacterales; Desulfobulbaceae; Desulfobulbus; Desulfobulbus propionicus	Bacteria; Proteobacteria; Deltaproteobacteria; Desulfobacterales; Desulfobulbaceae	0.123035	0.839035	0.0
scaffold129526	napA	Bacteria; Firmicutes; Clostridia; Clostridiales; Symbiobacteriaceae; Symbiobacterium; Symbiobacterium thermophilum	Bacteria; Firmicutes; Clostridia; Clostridiales; Symbiobacteriaceae	0.904069	0.939646	0.0
scaffold262947	napA	Bacteria; Proteobacteria; Deltaproteobacteria; Myxococcales; Cystobacterineae; Archangiaceae; Cystobacter; Cystobacter fuscus	Bacteria; Proteobacteria; Deltaproteobacteria; Myxococcales; Cystobacterineae	0.804769	0.490728	0.0
scaffold243146	napA	Bacteria; Proteobacteria; Deltaproteobacteria	Bacteria; Proteobacteria; Deltaproteobacteria	0.257695	0.336945	0.21875
scaffold180841	napA	Bacteria; Proteobacteria; Gammaproteobacteria; unclassified Gammaproteobacteria; Candidatus Thioglobus	Bacteria; Proteobacteria; Gammaproteobacteria; unclassified Gammaproteobacteria; Candidatus Thioglobus	0	1.0	0.0
scaffold01153	napA	Bacteria; Firmicutes; Clostridia; Clostridiales; Symbiobacteriaceae; Symbiobacterium; Symbiobacterium thermophilum	Bacteria; Firmicutes; Clostridia; Clostridiales; Symbiobacteriaceae	1.48469	0.800355	0.0
scaffold12230	napA	Bacteria; Proteobacteria; Deltaproteobacteria	Bacteria; Proteobacteria; Deltaproteobacteria	0.422061	0.756079	0.21875
scaffold49894	napA	unclassified sequences; metagenomes; ecological metagenomes	unclassified sequences; metagenomes; ecological metagenomes	2.88917	0.370728	0.0
scaffold02249	napA	Bacteria; Proteobacteria	Bacteria; Proteobacteria	1.24983	0.623168	0.20392
scaffold25162	napA	Bacteria; Proteobacteria; Deltaproteobacteria	Bacteria; Proteobacteria; Deltaproteobacteria	3.92486	0.997823	0.21875
scaffold188405	napA	Bacteria; Deferribacteres; Deferribacteres; Deferribacterales; Deferribacteraceae	Bacteria; Deferribacteres; Deferribacteres; Deferribacterales; Deferribacteraceae	0.446789	0.392586	0.075
scaffold62734	napA	Bacteria; Deferribacteres; Deferribacteres; Deferribacterales; Deferribacteraceae	Bacteria; Deferribacteres; Deferribacteres; Deferribacterales; Deferribacteraceae	13.3009	0.960917	0.075
scaffold03519	napA	Bacteria; Proteobacteria; Deltaproteobacteria	Bacteria; Proteobacteria; Deltaproteobacteria	4.3552	0.621628	0.21875
scaffold88605	napA	Bacteria; Proteobacteria; Deltaproteobacteria	Bacteria; Proteobacteria; Deltaproteobacteria	0.724055	0.942814	0.21875
scaffold59917	napA	Bacteria; Bacteroidetes	Bacteria; Bacteroidetes	0.736081	0.443895	0.325
scaffold139040	napA	Bacteria; Firmicutes; Clostridia; Clostridiales; unclassified Clostridiales; unclassified Clostridiales 	Bacteria; Firmicutes; Clostridia; Clostridiales; unclassified Clostridiales	3.38558	0.241014	0.0
scaffold55212	napA	Bacteria; unclassified Bacteria; Bacteria candidate phyla; candidate division NC10; Candidatus Methylomirabilis	Bacteria; unclassified Bacteria; Bacteria candidate phyla; candidate division NC10; Candidatus Methylomirabilis	0.428508	0.780522	0.0
scaffold01965	napA	Bacteria; Proteobacteria; Gammaproteobacteria; unclassified Gammaproteobacteria; Candidatus Thioglobus	Bacteria; Proteobacteria; Gammaproteobacteria; unclassified Gammaproteobacteria; Candidatus Thioglobus	5.96358	1.0	0.0
scaffold60566	napA	Bacteria; Firmicutes; Clostridia; Clostridiales; unclassified Clostridiales; unclassified Clostridiales 	Bacteria; Firmicutes; Clostridia; Clostridiales; unclassified Clostridiales	1.82452	0.310788	0.0
scaffold15172	napA	Bacteria; Bacteroidetes	Bacteria; Bacteroidetes	1.69315	0.428185	0.16667
scaffold103968	napA	Bacteria; Proteobacteria; Deltaproteobacteria; Myxococcales; Cystobacterineae; Archangiaceae; Cystobacter; Cystobacter fuscus	Bacteria; Proteobacteria; Deltaproteobacteria; Myxococcales; Cystobacterineae	2.30922	0.757398	0.0
scaffold99528	napA	Bacteria; Proteobacteria; Alphaproteobacteria; Rhodobacterales; Rhodobacteraceae; Ponticoccus	Bacteria; Proteobacteria; Alphaproteobacteria; Rhodobacterales; Rhodobacteraceae	0.232658	0.815786	0.0
scaffold39756	napA	Bacteria; Firmicutes; Clostridia; Clostridiales; unclassified Clostridiales; unclassified Clostridiales 	Bacteria; Firmicutes; Clostridia; Clostridiales; unclassified Clostridiales	5.04475	0.837876	0.0
scaffold69956	napA	Bacteria; Proteobacteria; Gammaproteobacteria; unclassified Gammaproteobacteria	Bacteria; Proteobacteria; Gammaproteobacteria; unclassified Gammaproteobacteria	0.125152	0.635278	0.04297
scaffold02969	napA	Bacteria; Bacteroidetes	Bacteria; Bacteroidetes	0.817598	0.441116	0.16667
scaffold00289	napA	Bacteria; Proteobacteria; Gammaproteobacteria; unclassified Gammaproteobacteria; Candidatus Thioglobus	Bacteria; Proteobacteria; Gammaproteobacteria; unclassified Gammaproteobacteria; Candidatus Thioglobus	0.650642	1.0	0.0
scaffold07266	napA	Bacteria; Proteobacteria; Gammaproteobacteria; unclassified Gammaproteobacteria; Candidatus Thioglobus	Bacteria; Proteobacteria; Gammaproteobacteria; unclassified Gammaproteobacteria; Candidatus Thioglobus	0.671784	1.0	0.0
scaffold149290	napA	Bacteria; Proteobacteria; Gammaproteobacteria; unclassified Gammaproteobacteria; Candidatus Thioglobus	Bacteria; Proteobacteria; Gammaproteobacteria; unclassified Gammaproteobacteria; Candidatus Thioglobus	0.391944	1.0	0.0
scaffold00392	napA	Bacteria; Proteobacteria	Bacteria; Proteobacteria	1.4876	0.895724	0.20392
scaffold49201	napA	Bacteria; Bacteroidetes	Bacteria; Bacteroidetes	2.17195	0.564246	0.325
scaffold03077	napA	Bacteria; Planctomycetes; Planctomycetia; Planctomycetales; Planctomycetaceae; Rhodopirellula; Rhodopirellula maiorica	Bacteria; Planctomycetes; Planctomycetia; Planctomycetales; Planctomycetaceae	7.76656	0.299803	0.0
scaffold13945	napA	Bacteria; Firmicutes; Clostridia; Clostridiales; Symbiobacteriaceae; Symbiobacterium; Symbiobacterium thermophilum	Bacteria; Firmicutes; Clostridia; Clostridiales; Symbiobacteriaceae	0.562258	1.0	0.0
scaffold00053	napA	Bacteria; Proteobacteria; Deltaproteobacteria; Desulfovibrionales; Desulfovibrionaceae	Bacteria; Proteobacteria; Deltaproteobacteria; Desulfovibrionales; Desulfovibrionaceae	2.14123	0.341585	0.01562
scaffold14427	napA	Bacteria; Planctomycetes; Planctomycetia; Planctomycetales; Planctomycetaceae; Rhodopirellula	Bacteria; Planctomycetes; Planctomycetia; Planctomycetales; Planctomycetaceae	0.47748	0.225199	0.01172
scaffold80904	napA	Bacteria; Thermodesulfobacteria; Thermodesulfobacteria; Thermodesulfobacteriales; Thermodesulfobacteriaceae; Caldimicrobium	Bacteria; Thermodesulfobacteria; Thermodesulfobacteria; Thermodesulfobacteriales; Thermodesulfobacteriaceae	0.821606	0.398751	0.0
scaffold07634	napA	Bacteria; Firmicutes; Clostridia; Clostridiales; unclassified Clostridiales; unclassified Clostridiales 	Bacteria; Firmicutes; Clostridia; Clostridiales; unclassified Clostridiales	1.58217	0.385351	0.0
scaffold71936	napA	Bacteria; Proteobacteria; Deltaproteobacteria	Bacteria; Proteobacteria; Deltaproteobacteria	0.636718	0.680966	0.21875
scaffold109474	napA	Bacteria; Firmicutes; Clostridia; Clostridiales; Symbiobacteriaceae; Symbiobacterium; Symbiobacterium thermophilum	Bacteria; Firmicutes; Clostridia; Clostridiales; Symbiobacteriaceae	0	0.960227	0.0
scaffold10993	napA	Bacteria; Firmicutes; Clostridia; Clostridiales; Symbiobacteriaceae; Symbiobacterium; Symbiobacterium thermophilum	Bacteria; Firmicutes; Clostridia; Clostridiales; Symbiobacteriaceae	5.0938	0.999822	0.0
scaffold17151	napA	Bacteria; Firmicutes; Clostridia; Clostridiales; Symbiobacteriaceae; Symbiobacterium; Symbiobacterium thermophilum	Bacteria; Firmicutes; Clostridia; Clostridiales; Symbiobacteriaceae	1.80814	0.767603	0.0
scaffold18964	napA	Bacteria; Proteobacteria; Gammaproteobacteria; unclassified Gammaproteobacteria; Candidatus Thioglobus	Bacteria; Proteobacteria; Gammaproteobacteria; unclassified Gammaproteobacteria; Candidatus Thioglobus	0.195241	1.0	0.0
scaffold00123	napA	Bacteria; Proteobacteria	Bacteria; Proteobacteria	8.8126	0.985203	0.20392
scaffold00955	napA	Bacteria; Firmicutes; Clostridia; Clostridiales; Symbiobacteriaceae; Symbiobacterium; Symbiobacterium thermophilum	Bacteria; Firmicutes; Clostridia; Clostridiales; Symbiobacteriaceae	0.579116	0.993448	0.0
scaffold211602	napA	Bacteria; Firmicutes; Clostridia; Clostridiales; Peptococcaceae; Desulfitobacterium	Bacteria; Firmicutes; Clostridia; Clostridiales; Peptococcaceae	0	0.536954	0.0
scaffold50466	napA	Bacteria; Proteobacteria; Epsilonproteobacteria; Campylobacterales; Campylobacteraceae; Arcobacter	Bacteria; Proteobacteria; Epsilonproteobacteria; Campylobacterales; Campylobacteraceae	2.31253	0.999862	0.0
scaffold51118	napA	Bacteria; Proteobacteria; Epsilonproteobacteria; unclassified Epsilonproteobacteria; Sulfurovum	Bacteria; Proteobacteria; Epsilonproteobacteria; unclassified Epsilonproteobacteria; Sulfurovum	2.33404	0.663726	0.0
scaffold00560	napA	Bacteria; Proteobacteria; Deltaproteobacteria	Bacteria; Proteobacteria; Deltaproteobacteria	1.6585	0.348847	0.21875
scaffold72172	napA	Bacteria; Firmicutes; Clostridia; Clostridiales; Symbiobacteriaceae; Symbiobacterium; Symbiobacterium thermophilum	Bacteria; Firmicutes; Clostridia; Clostridiales; Symbiobacteriaceae	10.3987	0.870529	0.0
scaffold00785	napA	Bacteria; Bacteroidetes	Bacteria; Bacteroidetes	0.547279	0.390136	0.325
scaffold22939	napA	Bacteria; Bacteroidetes	Bacteria; Bacteroidetes	0.70351	0.441877	0.16667
scaffold45212	napA	Bacteria; Firmicutes; Negativicutes; Selenomonadales; Selenomonadaceae; Selenomonas; Selenomonas ruminantium; Selenomonas ruminantium subsp. lactilytica	Bacteria; Firmicutes; Negativicutes; Selenomonadales; Selenomonadaceae	0.371901	0.290338	0.0
scaffold07338	napA	Bacteria; Proteobacteria; Gammaproteobacteria; unclassified Gammaproteobacteria; Candidatus Thioglobus	Bacteria; Proteobacteria; Gammaproteobacteria; unclassified Gammaproteobacteria; Candidatus Thioglobus	0.189266	1.0	0.0
scaffold176601	napA	Bacteria; Firmicutes; Clostridia; Clostridiales; Symbiobacteriaceae; Symbiobacterium; Symbiobacterium thermophilum	Bacteria; Firmicutes; Clostridia; Clostridiales; Symbiobacteriaceae	1.29187	0.363687	0.0
scaffold190578	napA	Bacteria; Proteobacteria; Gammaproteobacteria; unclassified Gammaproteobacteria; Candidatus Thioglobus	Bacteria; Proteobacteria; Gammaproteobacteria; unclassified Gammaproteobacteria; Candidatus Thioglobus	0.674789	1.0	0.0
scaffold64858	napA	Bacteria	Bacteria	0.536513	0.456899	0.42188
scaffold128626	napA	Bacteria; Bacteroidetes	Bacteria; Bacteroidetes	0.359641	0.241816	0.16667
scaffold30890	napA	Bacteria; Proteobacteria; Deltaproteobacteria	Bacteria; Proteobacteria; Deltaproteobacteria	0.141066	0.31989	0.21875
scaffold00393	napA	Bacteria; Proteobacteria; Gammaproteobacteria; unclassified Gammaproteobacteria; Candidatus Thioglobus	Bacteria; Proteobacteria; Gammaproteobacteria; unclassified Gammaproteobacteria; Candidatus Thioglobus	0.442436	1.0	0.0
scaffold11515	napA	Bacteria; Firmicutes; Clostridia; Clostridiales; Symbiobacteriaceae; Symbiobacterium; Symbiobacterium thermophilum	Bacteria; Firmicutes; Clostridia; Clostridiales; Symbiobacteriaceae	1.83407	1.0	0.0
scaffold00865	napA	Bacteria; Firmicutes; Clostridia; Clostridiales; Symbiobacteriaceae; Symbiobacterium; Symbiobacterium thermophilum	Bacteria; Firmicutes; Clostridia; Clostridiales; Symbiobacteriaceae	4.02073	1.0	0.0
scaffold213833	napA	Bacteria; Firmicutes; Clostridia; Clostridiales; Peptococcaceae; Desulfitobacterium	Bacteria; Firmicutes; Clostridia; Clostridiales; Peptococcaceae	0.23976	0.32485	0.0
scaffold25617	napA	Bacteria; Aquificae; Aquificae; Aquificales; Aquificales genera incertae sedis; Thermosulfidibacter; Thermosulfidibacter takaii	Bacteria; Aquificae; Aquificae; Aquificales; Aquificales genera incertae sedis	0.490296	0.41357	0.0
scaffold83740	napA	Bacteria; Acidobacteria; unclassified Acidobacteria; Acidobacteria subdivision 22	Bacteria; Acidobacteria; unclassified Acidobacteria; Acidobacteria subdivision 22	1.04895	0.966427	0.0
scaffold29445	napA	Bacteria; Proteobacteria	Bacteria; Proteobacteria	0.612361	0.28966	0.20392
scaffold243431	napA	Bacteria; Acidobacteria; unclassified Acidobacteria; Acidobacteria subdivision 23; Thermoanaerobaculum	Bacteria; Acidobacteria; unclassified Acidobacteria; Acidobacteria subdivision 23; Thermoanaerobaculum	0	0.551545	0.0
scaffold01238	napA	Bacteria; Deferribacteres; Deferribacteres; Deferribacterales; Deferribacteraceae	Bacteria; Deferribacteres; Deferribacteres; Deferribacterales; Deferribacteraceae	163.591	0.87415	0.075
scaffold234979	napA	Bacteria; Firmicutes; Clostridia; Clostridiales; Symbiobacteriaceae; Symbiobacterium; Symbiobacterium thermophilum	Bacteria; Firmicutes; Clostridia; Clostridiales; Symbiobacteriaceae	0.12636	0.541345	0.0
scaffold00015	napA	Bacteria; Firmicutes; Clostridia; Clostridiales; Symbiobacteriaceae; Symbiobacterium; Symbiobacterium thermophilum	Bacteria; Firmicutes; Clostridia; Clostridiales; Symbiobacteriaceae	1.19208	0.999877	0.0
scaffold00163	napA	Bacteria; Firmicutes; Clostridia; Clostridiales; Symbiobacteriaceae; Symbiobacterium; Symbiobacterium thermophilum	Bacteria; Firmicutes; Clostridia; Clostridiales; Symbiobacteriaceae	2.48508	0.719705	0.0
scaffold03701	napA	Bacteria; Firmicutes; Clostridia; Clostridiales; Symbiobacteriaceae; Symbiobacterium; Symbiobacterium thermophilum	Bacteria; Firmicutes; Clostridia; Clostridiales; Symbiobacteriaceae	2.12937	0.990682	0.0
scaffold00109	napA	Bacteria; Proteobacteria; Gammaproteobacteria; Thiotrichales; Thiotrichaceae	Bacteria; Proteobacteria; Gammaproteobacteria; Thiotrichales; Thiotrichaceae	11.6364	0.998046	0.01562
scaffold06355	napA	Bacteria; Firmicutes; Negativicutes; Selenomonadales	Bacteria; Firmicutes; Negativicutes; Selenomonadales	0.532939	0.210278	0.09375
scaffold02345	napA	Bacteria; Firmicutes; Clostridia; Clostridiales; Symbiobacteriaceae; Symbiobacterium; Symbiobacterium thermophilum	Bacteria; Firmicutes; Clostridia; Clostridiales; Symbiobacteriaceae	1.72338	1.0	0.0
scaffold39132	napA	Bacteria; Firmicutes; Clostridia; Clostridiales; Symbiobacteriaceae; Symbiobacterium; Symbiobacterium thermophilum	Bacteria; Firmicutes; Clostridia; Clostridiales; Symbiobacteriaceae	0.586661	0.887404	0.0
scaffold213048	napA	Bacteria	Bacteria	0.359641	0.477374	0.42188
scaffold01213	napA	Bacteria; Firmicutes; Clostridia; Clostridiales; Symbiobacteriaceae; Symbiobacterium; Symbiobacterium thermophilum	Bacteria; Firmicutes; Clostridia; Clostridiales; Symbiobacteriaceae	0.392314	0.871145	0.0
scaffold244314	napA	Bacteria; Planctomycetes; Planctomycetia; Planctomycetales; Planctomycetaceae; Rhodopirellula	Bacteria; Planctomycetes; Planctomycetia; Planctomycetales; Planctomycetaceae	0.51539	0.435246	0.0
scaffold118013	napA	Bacteria; Actinobacteria; Coriobacteriia; Eggerthellales; Eggerthellaceae	Bacteria; Actinobacteria; Coriobacteriia; Eggerthellales; Eggerthellaceae	0	0.35168	0.03125
scaffold57026	napA	Bacteria; Firmicutes; Clostridia; Clostridiales; Symbiobacteriaceae; Symbiobacterium; Symbiobacterium thermophilum	Bacteria; Firmicutes; Clostridia; Clostridiales; Symbiobacteriaceae	3.11949	1.0	0.0
scaffold59273	napA	Bacteria; Deferribacteres; Deferribacteres; Deferribacterales; Deferribacteraceae	Bacteria; Deferribacteres; Deferribacteres; Deferribacterales; Deferribacteraceae	1.06658	0.211558	0.075
scaffold34329	napA	Bacteria; Proteobacteria; Deltaproteobacteria	Bacteria; Proteobacteria; Deltaproteobacteria	1.21918	0.864706	0.21875
scaffold134863	napA	Bacteria; Proteobacteria; Gammaproteobacteria; unclassified Gammaproteobacteria; Candidatus Thioglobus	Bacteria; Proteobacteria; Gammaproteobacteria; unclassified Gammaproteobacteria; Candidatus Thioglobus	3.8829	0.999999	0.0
scaffold210934	napA	Bacteria; Chloroflexi; Ardenticatenia; Ardenticatenales; Ardenticatenaceae; Ardenticatena	Bacteria; Chloroflexi; Ardenticatenia; Ardenticatenales; Ardenticatenaceae	2.26116	0.657063	0.0
scaffold02094	napA	Bacteria; Proteobacteria; Deltaproteobacteria	Bacteria; Proteobacteria; Deltaproteobacteria	1.60203	0.419577	0.21875
scaffold198765	napA	Bacteria; Proteobacteria; Gammaproteobacteria; unclassified Gammaproteobacteria; Candidatus Thioglobus	Bacteria; Proteobacteria; Gammaproteobacteria; unclassified Gammaproteobacteria; Candidatus Thioglobus	0	1.0	0.0
scaffold83716	napA	Bacteria; Firmicutes; Clostridia; Clostridiales; Symbiobacteriaceae; Symbiobacterium; Symbiobacterium thermophilum	Bacteria; Firmicutes; Clostridia; Clostridiales; Symbiobacteriaceae	1.3986	0.998371	0.0
scaffold176826	napA	Bacteria; Firmicutes; Clostridia; Clostridiales; Symbiobacteriaceae; Symbiobacterium; Symbiobacterium thermophilum	Bacteria; Firmicutes; Clostridia; Clostridiales; Symbiobacteriaceae	0.215311	0.999964	0.0
scaffold52358	napA	Bacteria; Firmicutes; Clostridia; Clostridiales; Symbiobacteriaceae; Symbiobacterium; Symbiobacterium thermophilum	Bacteria; Firmicutes; Clostridia; Clostridiales; Symbiobacteriaceae	9.84396	0.848761	0.0
scaffold120813	napA	Bacteria; Firmicutes; Clostridia; Clostridiales; Symbiobacteriaceae; Symbiobacterium; Symbiobacterium thermophilum	Bacteria; Firmicutes; Clostridia; Clostridiales; Symbiobacteriaceae	0.868098	0.783576	0.0
scaffold06110	napA	Bacteria; Firmicutes; Clostridia; Clostridiales; Symbiobacteriaceae; Symbiobacterium; Symbiobacterium thermophilum	Bacteria; Firmicutes; Clostridia; Clostridiales; Symbiobacteriaceae	0.998613	0.755785	0.0
scaffold186485	napA	Bacteria; Proteobacteria; Betaproteobacteria; Burkholderiales; Sutterellaceae; Sutterella; Sutterella parvirubra	Bacteria; Proteobacteria; Betaproteobacteria; Burkholderiales; Sutterellaceae	1.33128	0.225583	0.0
scaffold06847	napA	Bacteria; Firmicutes; Clostridia; Clostridiales; Symbiobacteriaceae; Symbiobacterium; Symbiobacterium thermophilum	Bacteria; Firmicutes; Clostridia; Clostridiales; Symbiobacteriaceae	19.1949	0.999997	0.0
scaffold02166	napA	Bacteria; Firmicutes; Clostridia; Clostridiales; Symbiobacteriaceae; Symbiobacterium; Symbiobacterium thermophilum	Bacteria; Firmicutes; Clostridia; Clostridiales; Symbiobacteriaceae	2.09726	0.999999	0.0
scaffold09012	napA	Bacteria	Bacteria	1.30349	0.364183	0.42188
scaffold81029	napA	Bacteria; Bacteroidetes	Bacteria; Bacteroidetes	1.09777	0.557487	0.325
scaffold53761	napA	Bacteria; Proteobacteria; Deltaproteobacteria; Myxococcales; Cystobacterineae; Archangiaceae; Cystobacter; Cystobacter fuscus	Bacteria; Proteobacteria; Deltaproteobacteria; Myxococcales; Cystobacterineae	9.08799	0.319489	0.0
scaffold78375	napA	Bacteria	Bacteria	1.61284	0.312476	0.4375
scaffold150031	napA	Bacteria; Firmicutes; Clostridia; Clostridiales; unclassified Clostridiales; unclassified Clostridiales 	Bacteria; Firmicutes; Clostridia; Clostridiales; unclassified Clostridiales	7.6429	0.264904	0.0
scaffold01909	napA	Bacteria; Proteobacteria; Deltaproteobacteria	Bacteria; Proteobacteria; Deltaproteobacteria	12.131	0.325944	0.21875
scaffold02505	napA	Bacteria; Firmicutes; Clostridia; Clostridiales; Symbiobacteriaceae; Symbiobacterium; Symbiobacterium thermophilum	Bacteria; Firmicutes; Clostridia; Clostridiales; Symbiobacteriaceae	1.95673	0.835209	0.0
scaffold22284	napA	Bacteria	Bacteria	72.8375	0.563524	0.39062
scaffold76717	napA	Bacteria	Bacteria	0.862991	0.617791	0.39062
scaffold118341	napA	Bacteria; Proteobacteria; Gammaproteobacteria; unclassified Gammaproteobacteria; Candidatus Thioglobus	Bacteria; Proteobacteria; Gammaproteobacteria; unclassified Gammaproteobacteria; Candidatus Thioglobus	0.428368	1.0	0.0
scaffold146622	napA	Bacteria; Bacteroidetes	Bacteria; Bacteroidetes	4.26036	0.732923	0.325
scaffold02028	napA	Bacteria; Thermodesulfobacteria; Thermodesulfobacteria; Thermodesulfobacteriales; Thermodesulfobacteriaceae; Caldimicrobium	Bacteria; Thermodesulfobacteria; Thermodesulfobacteria; Thermodesulfobacteriales; Thermodesulfobacteriaceae	1.70201	0.31253	0.0
scaffold03650	napA	Bacteria; Proteobacteria; Deltaproteobacteria	Bacteria; Proteobacteria; Deltaproteobacteria	1.03936	0.326206	0.21875
scaffold01609	napA	Bacteria; Proteobacteria	Bacteria; Proteobacteria	1.18951	0.322662	0.20392
scaffold13340	napA	Bacteria	Bacteria	0.825688	0.567442	0.42188
