Query	Marker	Taxonomy	Confident_Taxonomy	Abundance	Likelihood	WTD
scaffold82939	napA	Bacteria	Bacteria	0	0.387006	0.28125
scaffold25205	napA	Bacteria; Firmicutes; Clostridia; Clostridiales; Symbiobacteriaceae; Symbiobacterium; Symbiobacterium thermophilum	Bacteria; Firmicutes; Clostridia; Clostridiales; Symbiobacteriaceae	0	0.987783	0.0
scaffold52248	napA	Bacteria; Proteobacteria; Deltaproteobacteria; Myxococcales; Cystobacterineae; Archangiaceae; Cystobacter; Cystobacter fuscus	Bacteria; Proteobacteria; Deltaproteobacteria; Myxococcales; Cystobacterineae	0	0.516956	0.0
scaffold96479	napA	Bacteria; Firmicutes; Clostridia; Clostridiales; Symbiobacteriaceae; Symbiobacterium; Symbiobacterium thermophilum	Bacteria; Firmicutes; Clostridia; Clostridiales; Symbiobacteriaceae	0	0.965405	0.0
scaffold18956	napA	Bacteria; Bacteroidetes; Cytophagia; Cytophagales; Flammeovirgaceae; Flammeovirga	Bacteria; Bacteroidetes; Cytophagia; Cytophagales; Flammeovirgaceae	0	0.453181	0.0
scaffold156387	napA	Bacteria; Proteobacteria; Deltaproteobacteria; unclassified Deltaproteobacteria; Dissulfuribacter	Bacteria; Proteobacteria; Deltaproteobacteria; unclassified Deltaproteobacteria; Dissulfuribacter	0	0.460216	0.0
scaffold149133	napA	Bacteria; Acidobacteria; unclassified Acidobacteria; Acidobacteria subdivision 22	Bacteria; Acidobacteria; unclassified Acidobacteria; Acidobacteria subdivision 22	0	0.816644	0.0
scaffold168531	napA	Bacteria	Bacteria	0	0.524143	0.39062
scaffold86074	napA	Bacteria; Proteobacteria; Gammaproteobacteria; Oceanospirillales; Saccharospirillaceae; Reinekea; Reinekea blandensis	Bacteria; Proteobacteria; Gammaproteobacteria; Oceanospirillales; Saccharospirillaceae	0	0.430387	0.0
scaffold139867	napA	Bacteria; Firmicutes; Clostridia; Clostridiales; Symbiobacteriaceae; Symbiobacterium; Symbiobacterium thermophilum	Bacteria; Firmicutes; Clostridia; Clostridiales; Symbiobacteriaceae	0	0.929385	0.0
scaffold08603	napA	Bacteria	Bacteria	0	0.296244	0.42188
scaffold11367	napA	Bacteria	Bacteria	0	0.374986	0.42188
scaffold303269	napA	Bacteria; Bacteroidetes	Bacteria; Bacteroidetes	0	0.31406	0.16667
scaffold89498	napA	Bacteria; Proteobacteria; Gammaproteobacteria; unclassified Gammaproteobacteria; Candidatus Thioglobus	Bacteria; Proteobacteria; Gammaproteobacteria; unclassified Gammaproteobacteria; Candidatus Thioglobus	0	1.0	0.0
scaffold343155	napA	Bacteria; Firmicutes; Negativicutes; Selenomonadales	Bacteria; Firmicutes; Negativicutes; Selenomonadales	0	0.601277	0.09375
scaffold07459	napA	Bacteria; Firmicutes; Clostridia; Clostridiales; unclassified Clostridiales; unclassified Clostridiales 	Bacteria; Firmicutes; Clostridia; Clostridiales; unclassified Clostridiales	0	0.456486	0.0
scaffold91123	napA	Bacteria; Firmicutes; Clostridia; Clostridiales; Symbiobacteriaceae; Symbiobacterium; Symbiobacterium thermophilum	Bacteria; Firmicutes; Clostridia; Clostridiales; Symbiobacteriaceae	0	0.997074	0.0
scaffold214510	napA	Bacteria; Proteobacteria; Deltaproteobacteria; unclassified Deltaproteobacteria; Dissulfuribacter	Bacteria; Proteobacteria; Deltaproteobacteria; unclassified Deltaproteobacteria; Dissulfuribacter	0	0.533601	0.0
scaffold143852	napA	Bacteria; Proteobacteria; Deltaproteobacteria; Myxococcales; Cystobacterineae; Archangiaceae; Cystobacter; Cystobacter fuscus	Bacteria; Proteobacteria; Deltaproteobacteria; Myxococcales; Cystobacterineae	0	0.690625	0.0
scaffold293655	napA	Bacteria; Firmicutes; Clostridia; Clostridiales; Symbiobacteriaceae; Symbiobacterium; Symbiobacterium thermophilum	Bacteria; Firmicutes; Clostridia; Clostridiales; Symbiobacteriaceae	0	0.999987	0.0
scaffold99597	napA	Bacteria; Proteobacteria; Deltaproteobacteria	Bacteria; Proteobacteria; Deltaproteobacteria	0	0.966525	0.21875
scaffold23263	napA	Bacteria	Bacteria	0	0.458996	0.42188
scaffold32690	napA	Bacteria; Bacteroidetes	Bacteria; Bacteroidetes	0	0.340711	0.16667
scaffold257941	napA	Bacteria; Bacteroidetes; Bacteroidetes Order II. Incertae sedis; Rhodothermaceae; Rhodothermus; Rhodothermus marinus	Bacteria; Bacteroidetes; Bacteroidetes Order II. Incertae sedis; Rhodothermaceae; Rhodothermus	0	0.550149	0.0
scaffold10946	napA	Bacteria; Firmicutes; Clostridia; Clostridiales; Symbiobacteriaceae; Symbiobacterium; Symbiobacterium thermophilum	Bacteria; Firmicutes; Clostridia; Clostridiales; Symbiobacteriaceae	0	0.999663	0.0
scaffold67405	napA	Bacteria; Firmicutes; Clostridia; Clostridiales; Symbiobacteriaceae; Symbiobacterium; Symbiobacterium thermophilum	Bacteria; Firmicutes; Clostridia; Clostridiales; Symbiobacteriaceae	0	0.309667	0.0
scaffold185122	napA	Bacteria; Proteobacteria	Bacteria; Proteobacteria	0	0.334548	0.20449
scaffold02391	napA	Bacteria; Firmicutes; Clostridia; Clostridiales; Symbiobacteriaceae; Symbiobacterium; Symbiobacterium thermophilum	Bacteria; Firmicutes; Clostridia; Clostridiales; Symbiobacteriaceae	0	0.201683	0.0
scaffold27998	napA	Bacteria; Proteobacteria; Deltaproteobacteria	Bacteria; Proteobacteria; Deltaproteobacteria	0	0.847892	0.21875
scaffold10746	napA	Bacteria; Bacteroidetes; Cytophagia; Cytophagales; Flammeovirgaceae; Flammeovirga	Bacteria; Bacteroidetes; Cytophagia; Cytophagales; Flammeovirgaceae	0	0.996969	0.0
scaffold01040	napA	Bacteria; Proteobacteria; Deltaproteobacteria	Bacteria; Proteobacteria; Deltaproteobacteria	0	0.992274	0.21875
scaffold103755	napA	Bacteria; Proteobacteria; Deltaproteobacteria	Bacteria; Proteobacteria; Deltaproteobacteria	0	0.692319	0.21875
scaffold276507	napA	Bacteria; Thermodesulfobacteria; Thermodesulfobacteria; Thermodesulfobacteriales; Thermodesulfobacteriaceae; Caldimicrobium	Bacteria; Thermodesulfobacteria; Thermodesulfobacteria; Thermodesulfobacteriales; Thermodesulfobacteriaceae	0	0.957618	0.0
scaffold123227	napA	Bacteria; Proteobacteria; Deltaproteobacteria	Bacteria; Proteobacteria; Deltaproteobacteria	0	0.766207	0.21875
scaffold144881	napA	Bacteria; Proteobacteria; Deltaproteobacteria	Bacteria; Proteobacteria; Deltaproteobacteria	0	0.845182	0.21875
scaffold97569	napA	Bacteria; Proteobacteria; Gammaproteobacteria; unclassified Gammaproteobacteria; Candidatus Thioglobus	Bacteria; Proteobacteria; Gammaproteobacteria; unclassified Gammaproteobacteria; Candidatus Thioglobus	0	1.0	0.0
scaffold102713	napA	Bacteria; Proteobacteria; Deltaproteobacteria	Bacteria; Proteobacteria; Deltaproteobacteria	0	0.636465	0.21875
scaffold122259	napA	Bacteria; Firmicutes; Clostridia; Clostridiales; unclassified Clostridiales; unclassified Clostridiales 	Bacteria; Firmicutes; Clostridia; Clostridiales; unclassified Clostridiales	0	0.736683	0.0
scaffold252128	napA	unclassified sequences; metagenomes; ecological metagenomes	unclassified sequences; metagenomes; ecological metagenomes	0	0.420841	0.0
scaffold71960	napA	Bacteria; Bacteroidetes	Bacteria; Bacteroidetes	0	0.521966	0.325
scaffold57903	napA	unclassified sequences; metagenomes; ecological metagenomes	unclassified sequences; metagenomes; ecological metagenomes	0	0.978051	0.0
scaffold260916	napA	Bacteria; Proteobacteria; Deltaproteobacteria	Bacteria; Proteobacteria; Deltaproteobacteria	0	0.273257	0.21875
scaffold11971	napA	Bacteria; Proteobacteria	Bacteria; Proteobacteria	0	0.948984	0.20392
scaffold310740	napA	Bacteria; Firmicutes; Clostridia; Clostridiales; Symbiobacteriaceae; Symbiobacterium; Symbiobacterium thermophilum	Bacteria; Firmicutes; Clostridia; Clostridiales; Symbiobacteriaceae	0	0.999926	0.0
scaffold45761	napA	Bacteria; Firmicutes; Clostridia; Clostridiales; Symbiobacteriaceae; Symbiobacterium; Symbiobacterium thermophilum	Bacteria; Firmicutes; Clostridia; Clostridiales; Symbiobacteriaceae	0	0.999784	0.0
scaffold95498	napA	Bacteria; Deferribacteres; Deferribacteres; Deferribacterales; Deferribacteraceae	Bacteria; Deferribacteres; Deferribacteres; Deferribacterales; Deferribacteraceae	0	0.923755	0.075
scaffold22487	napA	Bacteria; Deferribacteres; Deferribacteres; Deferribacterales; Deferribacteraceae	Bacteria; Deferribacteres; Deferribacteres; Deferribacterales; Deferribacteraceae	0	0.591409	0.075
scaffold263186	napA	Bacteria; Proteobacteria; Deltaproteobacteria; Myxococcales; Cystobacterineae; Archangiaceae; Cystobacter; Cystobacter fuscus	Bacteria; Proteobacteria; Deltaproteobacteria; Myxococcales; Cystobacterineae	0	0.973624	0.0
scaffold56329	napA	Bacteria; Firmicutes; Clostridia; Clostridiales; Symbiobacteriaceae; Symbiobacterium; Symbiobacterium thermophilum	Bacteria; Firmicutes; Clostridia; Clostridiales; Symbiobacteriaceae	0	0.998572	0.0
scaffold03214	napA	Bacteria; Deferribacteres; Deferribacteres; Deferribacterales; Deferribacteraceae	Bacteria; Deferribacteres; Deferribacteres; Deferribacterales; Deferribacteraceae	0	0.55824	0.075
scaffold01754	napA	Bacteria; Thermodesulfobacteria; Thermodesulfobacteria; Thermodesulfobacteriales; Thermodesulfobacteriaceae; Caldimicrobium	Bacteria; Thermodesulfobacteria; Thermodesulfobacteria; Thermodesulfobacteriales; Thermodesulfobacteriaceae	0	0.7717	0.0
scaffold05254	napA	Bacteria; Firmicutes; Clostridia; Clostridiales; Symbiobacteriaceae; Symbiobacterium; Symbiobacterium thermophilum	Bacteria; Firmicutes; Clostridia; Clostridiales; Symbiobacteriaceae	0	1.0	0.0
scaffold40193	napA	Bacteria; Proteobacteria; Deltaproteobacteria	Bacteria; Proteobacteria; Deltaproteobacteria	0	0.533391	0.21875
scaffold00444	napA	Bacteria; Firmicutes; Clostridia; Clostridiales; Symbiobacteriaceae; Symbiobacterium; Symbiobacterium thermophilum	Bacteria; Firmicutes; Clostridia; Clostridiales; Symbiobacteriaceae	0	0.995012	0.0
scaffold42713	napA	Bacteria; Firmicutes; Clostridia; Clostridiales; Symbiobacteriaceae; Symbiobacterium; Symbiobacterium thermophilum	Bacteria; Firmicutes; Clostridia; Clostridiales; Symbiobacteriaceae	0	0.377983	0.0
scaffold87959	napA	Bacteria	Bacteria	0	0.625507	0.39062
scaffold47089	napA	Bacteria; Bacteroidetes	Bacteria; Bacteroidetes	0	0.441877	0.16667
scaffold02434	napA	Bacteria; Firmicutes; Clostridia; Clostridiales; Symbiobacteriaceae; Symbiobacterium; Symbiobacterium thermophilum	Bacteria; Firmicutes; Clostridia; Clostridiales; Symbiobacteriaceae	0	0.972881	0.0
scaffold270211	napA	Bacteria; Proteobacteria; Gammaproteobacteria; unclassified Gammaproteobacteria; Candidatus Thioglobus	Bacteria; Proteobacteria; Gammaproteobacteria; unclassified Gammaproteobacteria; Candidatus Thioglobus	0	0.999977	0.0
scaffold62488	napA	Bacteria; Firmicutes; Clostridia; Clostridiales; Symbiobacteriaceae; Symbiobacterium; Symbiobacterium thermophilum	Bacteria; Firmicutes; Clostridia; Clostridiales; Symbiobacteriaceae	0	0.994862	0.0
scaffold331975	napA	unclassified sequences; metagenomes; ecological metagenomes	unclassified sequences; metagenomes; ecological metagenomes	0	0.359832	0.0
scaffold62789	napA	Bacteria; Thermodesulfobacteria; Thermodesulfobacteria; Thermodesulfobacteriales; Thermodesulfobacteriaceae; Caldimicrobium	Bacteria; Thermodesulfobacteria; Thermodesulfobacteria; Thermodesulfobacteriales; Thermodesulfobacteriaceae	0	0.78642	0.0
scaffold11813	napA	Bacteria; Firmicutes; Clostridia; Clostridiales; Symbiobacteriaceae; Symbiobacterium; Symbiobacterium thermophilum	Bacteria; Firmicutes; Clostridia; Clostridiales; Symbiobacteriaceae	0	0.999151	0.0
scaffold199363	napA	Bacteria; Thermodesulfobacteria; Thermodesulfobacteria; Thermodesulfobacteriales; Thermodesulfobacteriaceae; Caldimicrobium	Bacteria; Thermodesulfobacteria; Thermodesulfobacteria; Thermodesulfobacteriales; Thermodesulfobacteriaceae	0	0.920021	0.0
scaffold66263	napA	Bacteria; Firmicutes; Clostridia; Clostridiales; Symbiobacteriaceae; Symbiobacterium; Symbiobacterium thermophilum	Bacteria; Firmicutes; Clostridia; Clostridiales; Symbiobacteriaceae	0	0.984362	0.0
scaffold268646	napA	Bacteria; Proteobacteria; Betaproteobacteria; Rhodocyclales; Azonexaceae; Dechloromonas; Dechloromonas aromatica	Bacteria; Proteobacteria; Betaproteobacteria; Rhodocyclales; Azonexaceae	0	0.209431	0.0
scaffold00951	napA	Bacteria; Bacteroidetes; Cytophagia; Cytophagales; Flammeovirgaceae; Flammeovirga	Bacteria; Bacteroidetes; Cytophagia; Cytophagales; Flammeovirgaceae	0	0.980342	0.0
scaffold00031	napA	Bacteria; Proteobacteria; Deltaproteobacteria	Bacteria; Proteobacteria; Deltaproteobacteria	0	0.980446	0.21875
scaffold00743	napA	Bacteria; Thermodesulfobacteria; Thermodesulfobacteria; Thermodesulfobacteriales; Thermodesulfobacteriaceae; Caldimicrobium	Bacteria; Thermodesulfobacteria; Thermodesulfobacteria; Thermodesulfobacteriales; Thermodesulfobacteriaceae	0	0.844095	0.0
scaffold236466	napA	Bacteria	Bacteria	0	0.687448	0.42188
scaffold91246	napA	Bacteria; Aquificae; Aquificae; Aquificales; Aquificales genera incertae sedis; Thermosulfidibacter; Thermosulfidibacter takaii	Bacteria; Aquificae; Aquificae; Aquificales; Aquificales genera incertae sedis	0	0.4127	0.0
scaffold52644	napA	Bacteria; Bacteroidetes; Cytophagia; Cytophagales; Flammeovirgaceae; Flammeovirga	Bacteria; Bacteroidetes; Cytophagia; Cytophagales; Flammeovirgaceae	0	0.740166	0.0
scaffold157655	napA	Bacteria; Proteobacteria; Deltaproteobacteria; Desulfobacterales; Desulfobulbaceae; Desulfobulbus; Desulfobulbus propionicus	Bacteria; Proteobacteria; Deltaproteobacteria; Desulfobacterales; Desulfobulbaceae	0	0.290435	0.0
scaffold21478	napA	Bacteria; Deferribacteres; Deferribacteres; Deferribacterales; Deferribacteraceae	Bacteria; Deferribacteres; Deferribacteres; Deferribacterales; Deferribacteraceae	0	0.94331	0.075
scaffold07986	napA	Bacteria; Proteobacteria; Deltaproteobacteria; Myxococcales; Cystobacterineae; Archangiaceae; Cystobacter; Cystobacter fuscus	Bacteria; Proteobacteria; Deltaproteobacteria; Myxococcales; Cystobacterineae	0	0.366996	0.0
scaffold72924	napA	Bacteria; Nitrospirae; Nitrospira; Nitrospirales; Nitrospiraceae; Nitrospira	Bacteria; Nitrospirae; Nitrospira; Nitrospirales; Nitrospiraceae	0	0.4722	0.0
scaffold15432	napA	Bacteria; Acidobacteria; unclassified Acidobacteria; Acidobacteria subdivision 22	Bacteria; Acidobacteria; unclassified Acidobacteria; Acidobacteria subdivision 22	0	0.518002	0.0
scaffold01250	napA	Bacteria	Bacteria	0	0.365787	0.4375
scaffold18386	napA	Bacteria; Proteobacteria; Deltaproteobacteria	Bacteria; Proteobacteria; Deltaproteobacteria	0	0.833591	0.21875
scaffold124437	napA	unclassified sequences; metagenomes; ecological metagenomes	unclassified sequences; metagenomes; ecological metagenomes	0	0.817659	0.0
scaffold339478	napA	Bacteria; Firmicutes; Clostridia; Clostridiales; Symbiobacteriaceae; Symbiobacterium; Symbiobacterium thermophilum	Bacteria; Firmicutes; Clostridia; Clostridiales; Symbiobacteriaceae	0	0.289062	0.0
scaffold80215	napA	Bacteria; Firmicutes; Clostridia; Clostridiales; Symbiobacteriaceae; Symbiobacterium; Symbiobacterium thermophilum	Bacteria; Firmicutes; Clostridia; Clostridiales; Symbiobacteriaceae	0	0.3264	0.0
scaffold00950	napA	Bacteria; Proteobacteria; Deltaproteobacteria	Bacteria; Proteobacteria; Deltaproteobacteria	0	0.983295	0.21875
scaffold43164	napA	Bacteria; Firmicutes; Clostridia; Clostridiales; Symbiobacteriaceae; Symbiobacterium; Symbiobacterium thermophilum	Bacteria; Firmicutes; Clostridia; Clostridiales; Symbiobacteriaceae	0	1.0	0.0
scaffold144299	napA	Bacteria; Firmicutes; Clostridia; Clostridiales; Symbiobacteriaceae; Symbiobacterium; Symbiobacterium thermophilum	Bacteria; Firmicutes; Clostridia; Clostridiales; Symbiobacteriaceae	0	0.596028	0.0
scaffold07839	napA	Bacteria; Deferribacteres; Deferribacteres; Deferribacterales; Deferribacteraceae	Bacteria; Deferribacteres; Deferribacteres; Deferribacterales; Deferribacteraceae	0	0.604183	0.075
scaffold120851	napA	Bacteria; Firmicutes; Clostridia; Clostridiales; Symbiobacteriaceae; Symbiobacterium; Symbiobacterium thermophilum	Bacteria; Firmicutes; Clostridia; Clostridiales; Symbiobacteriaceae	0	0.625234	0.0
scaffold140301	napA	Bacteria; Firmicutes; Clostridia; Clostridiales; Symbiobacteriaceae; Symbiobacterium; Symbiobacterium thermophilum	Bacteria; Firmicutes; Clostridia; Clostridiales; Symbiobacteriaceae	0	0.858234	0.0
scaffold115218	napA	Bacteria; Proteobacteria; Deltaproteobacteria	Bacteria; Proteobacteria; Deltaproteobacteria	0	0.341317	0.21875
scaffold268455	napA	Bacteria	Bacteria	0	0.302401	0.4375
scaffold96262	napA	Bacteria	Bacteria	0	0.29154	0.39062
scaffold147735	napA	Bacteria; Proteobacteria; Deltaproteobacteria	Bacteria; Proteobacteria; Deltaproteobacteria	0	0.470733	0.21875
scaffold192203	napA	Bacteria; Firmicutes; Clostridia; Clostridiales; Symbiobacteriaceae; Symbiobacterium; Symbiobacterium thermophilum	Bacteria; Firmicutes; Clostridia; Clostridiales; Symbiobacteriaceae	0	0.644449	0.0
scaffold198716	napA	Bacteria; Firmicutes; Clostridia; Clostridiales; Symbiobacteriaceae; Symbiobacterium; Symbiobacterium thermophilum	Bacteria; Firmicutes; Clostridia; Clostridiales; Symbiobacteriaceae	0	0.708629	0.0
scaffold00064	napA	Bacteria; Firmicutes; Clostridia; Clostridiales; Symbiobacteriaceae; Symbiobacterium; Symbiobacterium thermophilum	Bacteria; Firmicutes; Clostridia; Clostridiales; Symbiobacteriaceae	0	0.99999	0.0
scaffold07256	napA	Bacteria; Firmicutes; Clostridia; Clostridiales; Symbiobacteriaceae; Symbiobacterium; Symbiobacterium thermophilum	Bacteria; Firmicutes; Clostridia; Clostridiales; Symbiobacteriaceae	0	0.996696	0.0
scaffold277385	napA	Bacteria; Proteobacteria; Gammaproteobacteria; unclassified Gammaproteobacteria; Candidatus Thioglobus	Bacteria; Proteobacteria; Gammaproteobacteria; unclassified Gammaproteobacteria; Candidatus Thioglobus	0	1.0	0.0
scaffold51030	napA	Bacteria; Bacteroidetes	Bacteria; Bacteroidetes	0	0.362873	0.325
scaffold44158	napA	Bacteria; Firmicutes; Clostridia; Clostridiales; Symbiobacteriaceae; Symbiobacterium; Symbiobacterium thermophilum	Bacteria; Firmicutes; Clostridia; Clostridiales; Symbiobacteriaceae	0	1.0	0.0
scaffold99812	napA	Bacteria; Proteobacteria; Gammaproteobacteria; Cellvibrionales; Cellvibrionaceae; Simiduia; Simiduia agarivorans	Bacteria; Proteobacteria; Gammaproteobacteria; Cellvibrionales; Cellvibrionaceae	0	0.999967	0.0
scaffold11598	napA	Bacteria; Acidobacteria; unclassified Acidobacteria; Acidobacteria subdivision 22	Bacteria; Acidobacteria; unclassified Acidobacteria; Acidobacteria subdivision 22	0	0.934267	0.0
scaffold09464	napA	Bacteria; Proteobacteria; Betaproteobacteria; Burkholderiales; Sutterellaceae	Bacteria; Proteobacteria; Betaproteobacteria; Burkholderiales; Sutterellaceae	0	0.84995	0.0
scaffold01496	napA	Bacteria; Firmicutes; Clostridia; Clostridiales; Symbiobacteriaceae; Symbiobacterium; Symbiobacterium thermophilum	Bacteria; Firmicutes; Clostridia; Clostridiales; Symbiobacteriaceae	0	0.330562	0.0
scaffold287779	napA	Bacteria; Deferribacteres; Deferribacteres; Deferribacterales; Deferribacteraceae; Mucispirillum; Mucispirillum schaedleri	Bacteria; Deferribacteres; Deferribacteres; Deferribacterales; Deferribacteraceae	0	0.214729	0.0
scaffold04612	napA	Bacteria; Bacteroidetes; Cytophagia; Cytophagales; Flammeovirgaceae; Flammeovirga	Bacteria; Bacteroidetes; Cytophagia; Cytophagales; Flammeovirgaceae	0	0.886305	0.0
scaffold295316	napA	Bacteria; Firmicutes; Negativicutes; Selenomonadales	Bacteria; Firmicutes; Negativicutes; Selenomonadales	0	0.38053	0.09375
scaffold106789	napA	Bacteria; unclassified Bacteria; Bacteria candidate phyla; candidate division NC10; Candidatus Methylomirabilis	Bacteria; unclassified Bacteria; Bacteria candidate phyla; candidate division NC10; Candidatus Methylomirabilis	0	0.813956	0.0
scaffold13208	napA	Bacteria; Firmicutes; Clostridia; Clostridiales; Symbiobacteriaceae; Symbiobacterium; Symbiobacterium thermophilum	Bacteria; Firmicutes; Clostridia; Clostridiales; Symbiobacteriaceae	0	0.217229	0.0
scaffold11681	napA	Bacteria; Proteobacteria; Deltaproteobacteria	Bacteria; Proteobacteria; Deltaproteobacteria	0	0.93057	0.21875
scaffold16873	napA	Bacteria; Bacteroidetes; Cytophagia; Cytophagales; Flammeovirgaceae; Flammeovirga	Bacteria; Bacteroidetes; Cytophagia; Cytophagales; Flammeovirgaceae	0	0.947109	0.0
scaffold03964	napA	Bacteria; Proteobacteria; Deltaproteobacteria	Bacteria; Proteobacteria; Deltaproteobacteria	0	0.368302	0.21875
scaffold78262	napA	Bacteria; Bacteroidetes	Bacteria; Bacteroidetes	0	0.564246	0.325
scaffold219918	napA	Bacteria; Proteobacteria; Alphaproteobacteria; Rhodobacterales; Rhodobacteraceae; Leisingera	Bacteria; Proteobacteria; Alphaproteobacteria; Rhodobacterales; Rhodobacteraceae	0	0.437441	0.0
scaffold136337	napA	Bacteria; Proteobacteria; Deltaproteobacteria; Myxococcales; Cystobacterineae; Archangiaceae; Cystobacter; Cystobacter fuscus	Bacteria; Proteobacteria; Deltaproteobacteria; Myxococcales; Cystobacterineae	0	0.767489	0.0
scaffold126333	napA	Bacteria; Proteobacteria; Gammaproteobacteria; unclassified Gammaproteobacteria; Candidatus Thioglobus	Bacteria; Proteobacteria; Gammaproteobacteria; unclassified Gammaproteobacteria; Candidatus Thioglobus	0	1.0	0.0
scaffold03329	napA	Bacteria; Proteobacteria; Deltaproteobacteria	Bacteria; Proteobacteria; Deltaproteobacteria	0	0.995007	0.21875
scaffold147674	napA	Bacteria; Firmicutes; Clostridia; Clostridiales; Symbiobacteriaceae; Symbiobacterium; Symbiobacterium thermophilum	Bacteria; Firmicutes; Clostridia; Clostridiales; Symbiobacteriaceae	0	0.962229	0.0
scaffold01006	napA	Bacteria; Thermodesulfobacteria; Thermodesulfobacteria; Thermodesulfobacteriales; Thermodesulfobacteriaceae; Caldimicrobium	Bacteria; Thermodesulfobacteria; Thermodesulfobacteria; Thermodesulfobacteriales; Thermodesulfobacteriaceae	0	0.844095	0.0
scaffold00143	napA	Bacteria; Firmicutes; Clostridia; Clostridiales; Symbiobacteriaceae; Symbiobacterium; Symbiobacterium thermophilum	Bacteria; Firmicutes; Clostridia; Clostridiales; Symbiobacteriaceae	0	0.998963	0.0
scaffold38326	napA	Bacteria; Planctomycetes; Planctomycetia; Planctomycetales; Planctomycetaceae; Rhodopirellula	Bacteria; Planctomycetes; Planctomycetia; Planctomycetales; Planctomycetaceae	0	0.251681	0.01172
scaffold21799	napA	Bacteria; Firmicutes; Clostridia; Clostridiales; Symbiobacteriaceae; Symbiobacterium; Symbiobacterium thermophilum	Bacteria; Firmicutes; Clostridia; Clostridiales; Symbiobacteriaceae	0	0.456599	0.0
scaffold02247	napA	Bacteria; Firmicutes; Clostridia; Clostridiales; Symbiobacteriaceae; Symbiobacterium; Symbiobacterium thermophilum	Bacteria; Firmicutes; Clostridia; Clostridiales; Symbiobacteriaceae	0	0.999999	0.0
scaffold150348	napA	Bacteria; Proteobacteria; Deltaproteobacteria; Myxococcales; Cystobacterineae; Archangiaceae; Cystobacter; Cystobacter fuscus	Bacteria; Proteobacteria; Deltaproteobacteria; Myxococcales; Cystobacterineae	0	0.547098	0.0
scaffold95531	napA	Bacteria; Firmicutes; Clostridia; Clostridiales; Symbiobacteriaceae; Symbiobacterium; Symbiobacterium thermophilum	Bacteria; Firmicutes; Clostridia; Clostridiales; Symbiobacteriaceae	0	0.702983	0.0
scaffold267029	napA	Bacteria; Proteobacteria; Gammaproteobacteria; unclassified Gammaproteobacteria; Candidatus Thioglobus	Bacteria; Proteobacteria; Gammaproteobacteria; unclassified Gammaproteobacteria; Candidatus Thioglobus	0	1.0	0.0
scaffold08871	napA	Bacteria; Firmicutes; Clostridia; Clostridiales; Symbiobacteriaceae; Symbiobacterium; Symbiobacterium thermophilum	Bacteria; Firmicutes; Clostridia; Clostridiales; Symbiobacteriaceae	0	0.964517	0.0
scaffold128403	napA	Bacteria; Firmicutes; Clostridia; Clostridiales; Symbiobacteriaceae; Symbiobacterium; Symbiobacterium thermophilum	Bacteria; Firmicutes; Clostridia; Clostridiales; Symbiobacteriaceae	0	0.996654	0.0
scaffold304961	napA	Bacteria; Firmicutes; Clostridia; Clostridiales; Symbiobacteriaceae; Symbiobacterium; Symbiobacterium thermophilum	Bacteria; Firmicutes; Clostridia; Clostridiales; Symbiobacteriaceae	0	0.995825	0.0
scaffold10212	napA	Bacteria; Proteobacteria; Deltaproteobacteria	Bacteria; Proteobacteria; Deltaproteobacteria	0	0.99167	0.21875
scaffold17604	napA	Bacteria; Bacteroidetes; Cytophagia; Cytophagales; Flammeovirgaceae; Flammeovirga	Bacteria; Bacteroidetes; Cytophagia; Cytophagales; Flammeovirgaceae	0	0.945724	0.0
scaffold273908	napA	Bacteria; Firmicutes; Clostridia; Clostridiales; Symbiobacteriaceae; Symbiobacterium; Symbiobacterium thermophilum	Bacteria; Firmicutes; Clostridia; Clostridiales; Symbiobacteriaceae	0	0.971618	0.0
scaffold11001	napA	Bacteria; Proteobacteria; Deltaproteobacteria	Bacteria; Proteobacteria; Deltaproteobacteria	0	0.693312	0.21875
scaffold149114	napA	Bacteria; Firmicutes; Clostridia; Clostridiales; Symbiobacteriaceae; Symbiobacterium; Symbiobacterium thermophilum	Bacteria; Firmicutes; Clostridia; Clostridiales; Symbiobacteriaceae	0	0.606835	0.0
scaffold107606	napA	Bacteria; Proteobacteria; Deltaproteobacteria	Bacteria; Proteobacteria; Deltaproteobacteria	0	0.688475	0.21875
scaffold244574	napA	Bacteria; Proteobacteria; Deltaproteobacteria; Myxococcales; Cystobacterineae; Archangiaceae; Cystobacter; Cystobacter fuscus	Bacteria; Proteobacteria; Deltaproteobacteria; Myxococcales; Cystobacterineae	0	0.34014	0.0
scaffold187946	napA	Bacteria; Proteobacteria; Deltaproteobacteria; unclassified Deltaproteobacteria; Dissulfuribacter	Bacteria; Proteobacteria; Deltaproteobacteria; unclassified Deltaproteobacteria; Dissulfuribacter	0	0.35035	0.0
scaffold55904	napA	Bacteria; Proteobacteria; Deltaproteobacteria	Bacteria; Proteobacteria; Deltaproteobacteria	0	0.952818	0.21875
