Query	Marker	Taxonomy	Confident_Taxonomy	Abundance	Likelihood	WTD
scaffold35415	napA	Bacteria; Actinobacteria; Coriobacteriia; Eggerthellales; Eggerthellaceae	Bacteria; Actinobacteria; Coriobacteriia; Eggerthellales; Eggerthellaceae	3.28138	0.819068	0.125
scaffold02365	napA	Bacteria; Thermodesulfobacteria; Thermodesulfobacteria; Thermodesulfobacteriales; Thermodesulfobacteriaceae; Caldimicrobium	Bacteria; Thermodesulfobacteria; Thermodesulfobacteria; Thermodesulfobacteriales; Thermodesulfobacteriaceae	8.81235	0.493591	0.0
scaffold00445	napA	Bacteria; Proteobacteria; Gammaproteobacteria; unclassified Gammaproteobacteria; Candidatus Thioglobus	Bacteria; Proteobacteria; Gammaproteobacteria; unclassified Gammaproteobacteria; Candidatus Thioglobus	1.70293	1.0	0.0
scaffold195851	napA	Bacteria; Firmicutes; Clostridia; Clostridiales; Symbiobacteriaceae; Symbiobacterium; Symbiobacterium thermophilum	Bacteria; Firmicutes; Clostridia; Clostridiales; Symbiobacteriaceae	2.14339	0.703644	0.0
scaffold72263	napA	Bacteria; Thermodesulfobacteria; Thermodesulfobacteria; Thermodesulfobacteriales; Thermodesulfobacteriaceae; Caldimicrobium	Bacteria; Thermodesulfobacteria; Thermodesulfobacteria; Thermodesulfobacteriales; Thermodesulfobacteriaceae	3.23473	0.814558	0.0
scaffold115609	napA	Bacteria; Firmicutes; Clostridia; Clostridiales; Symbiobacteriaceae; Symbiobacterium; Symbiobacterium thermophilum	Bacteria; Firmicutes; Clostridia; Clostridiales; Symbiobacteriaceae	2.62886	0.999018	0.0
scaffold156547	napA	Bacteria; Firmicutes; Clostridia; Clostridiales; Symbiobacteriaceae; Symbiobacterium; Symbiobacterium thermophilum	Bacteria; Firmicutes; Clostridia; Clostridiales; Symbiobacteriaceae	1.45152	0.999867	0.0
scaffold42772	napA	Bacteria	Bacteria	1.27672	0.343112	0.4375
scaffold62005	napA	Bacteria; Proteobacteria; Alphaproteobacteria; Rhodospirillales; Rhodospirillaceae; Caenispirillum; Caenispirillum salinarum	Bacteria; Proteobacteria; Alphaproteobacteria; Rhodospirillales; Rhodospirillaceae	1.17252	0.999637	0.0
scaffold45931	napA	Bacteria; Firmicutes; Clostridia; Clostridiales; Symbiobacteriaceae; Symbiobacterium; Symbiobacterium thermophilum	Bacteria; Firmicutes; Clostridia; Clostridiales; Symbiobacteriaceae	3.46738	0.987583	0.0
scaffold82829	napA	Bacteria; Proteobacteria; Gammaproteobacteria; unclassified Gammaproteobacteria; Candidatus Thioglobus	Bacteria; Proteobacteria; Gammaproteobacteria; unclassified Gammaproteobacteria; Candidatus Thioglobus	4.09399	1.0	0.0
scaffold00184	napA	Bacteria; Firmicutes; Clostridia; Clostridiales; Symbiobacteriaceae; Symbiobacterium; Symbiobacterium thermophilum	Bacteria; Firmicutes; Clostridia; Clostridiales; Symbiobacteriaceae	4.01344	0.999936	0.0
scaffold10001	napA	Bacteria; Firmicutes; Clostridia; Clostridiales; Symbiobacteriaceae; Symbiobacterium; Symbiobacterium thermophilum	Bacteria; Firmicutes; Clostridia; Clostridiales; Symbiobacteriaceae	10.1828	0.900484	0.0
scaffold15281	napA	unclassified sequences; metagenomes; ecological metagenomes	unclassified sequences; metagenomes; ecological metagenomes	1.76397	0.360175	0.0
scaffold107298	napA	Bacteria; Bacteroidetes	Bacteria; Bacteroidetes	1.52266	0.316404	0.325
scaffold82766	napA	Bacteria; Proteobacteria; Gammaproteobacteria; unclassified Gammaproteobacteria; Candidatus Thioglobus	Bacteria; Proteobacteria; Gammaproteobacteria; unclassified Gammaproteobacteria; Candidatus Thioglobus	24.8151	1.0	0.0
scaffold207510	napA	Bacteria; Firmicutes; Clostridia; Clostridiales; Symbiobacteriaceae; Symbiobacterium; Symbiobacterium thermophilum	Bacteria; Firmicutes; Clostridia; Clostridiales; Symbiobacteriaceae	2.3916	0.285552	0.0
scaffold251701	napA	Bacteria; Deferribacteres; Deferribacteres; Deferribacterales; Deferribacteraceae	Bacteria; Deferribacteres; Deferribacteres; Deferribacterales; Deferribacteraceae	2.79185	0.215566	0.075
scaffold06078	napA	unclassified sequences; metagenomes; ecological metagenomes	unclassified sequences; metagenomes; ecological metagenomes	2.5734	0.440805	0.0
scaffold67270	napA	Bacteria; Firmicutes; Clostridia; Clostridiales; Symbiobacteriaceae; Symbiobacterium; Symbiobacterium thermophilum	Bacteria; Firmicutes; Clostridia; Clostridiales; Symbiobacteriaceae	5.76045	0.68254	0.0
scaffold105890	napA	Bacteria; Firmicutes; Clostridia; Clostridiales; Symbiobacteriaceae; Symbiobacterium; Symbiobacterium thermophilum	Bacteria; Firmicutes; Clostridia; Clostridiales; Symbiobacteriaceae	1.19171	1.0	0.0
scaffold89308	napA	Bacteria; Firmicutes; Clostridia; Clostridiales; Symbiobacteriaceae; Symbiobacterium; Symbiobacterium thermophilum	Bacteria; Firmicutes; Clostridia; Clostridiales; Symbiobacteriaceae	1.41959	0.887404	0.0
scaffold71802	napA	Bacteria; Firmicutes; Clostridia; Clostridiales; Symbiobacteriaceae; Symbiobacterium; Symbiobacterium thermophilum	Bacteria; Firmicutes; Clostridia; Clostridiales; Symbiobacteriaceae	0.874583	0.887404	0.0
scaffold08122	napA	Bacteria	Bacteria	8.91588	0.3874	0.4375
scaffold25272	napA	Bacteria; Thermodesulfobacteria; Thermodesulfobacteria; Thermodesulfobacteriales; Thermodesulfobacteriaceae; Caldimicrobium	Bacteria; Thermodesulfobacteria; Thermodesulfobacteria; Thermodesulfobacteriales; Thermodesulfobacteriaceae	11.556	0.427135	0.0
scaffold01751	napA	Bacteria; Deferribacteres; Deferribacteres; Deferribacterales; Deferribacteraceae	Bacteria; Deferribacteres; Deferribacteres; Deferribacterales; Deferribacteraceae	3.18831	0.956263	0.075
scaffold00958	napA	Bacteria	Bacteria	2.34301	0.42693	0.28125
scaffold140489	napA	Bacteria; Firmicutes; Clostridia; Clostridiales; Symbiobacteriaceae; Symbiobacterium; Symbiobacterium thermophilum	Bacteria; Firmicutes; Clostridia; Clostridiales; Symbiobacteriaceae	2.42752	0.361347	0.0
scaffold01304	napA	Bacteria; Deferribacteres; Deferribacteres; Deferribacterales; Deferribacteraceae	Bacteria; Deferribacteres; Deferribacteres; Deferribacterales; Deferribacteraceae	14.9352	0.972018	0.075
scaffold00107	napA	Bacteria; Firmicutes; Clostridia; Clostridiales; Symbiobacteriaceae; Symbiobacterium; Symbiobacterium thermophilum	Bacteria; Firmicutes; Clostridia; Clostridiales; Symbiobacteriaceae	7.53502	0.552047	0.0
scaffold127366	napA	Bacteria; Firmicutes; Clostridia; Clostridiales; Symbiobacteriaceae; Symbiobacterium; Symbiobacterium thermophilum	Bacteria; Firmicutes; Clostridia; Clostridiales; Symbiobacteriaceae	3.91097	0.96929	0.0
scaffold06474	napA	Bacteria; Deferribacteres; Deferribacteres; Deferribacterales; Deferribacteraceae	Bacteria; Deferribacteres; Deferribacteres; Deferribacterales; Deferribacteraceae	3.26004	0.905402	0.075
scaffold196285	napA	Bacteria; Planctomycetes; Planctomycetia; Planctomycetales; Planctomycetaceae; Rhodopirellula	Bacteria; Planctomycetes; Planctomycetia; Planctomycetales; Planctomycetaceae	1.98543	0.868613	0.0
scaffold204735	napA	Bacteria; Nitrospirae; Nitrospira; Nitrospirales; Nitrospiraceae; Nitrospira	Bacteria; Nitrospirae; Nitrospira; Nitrospirales; Nitrospiraceae	1.47874	0.408712	0.0
scaffold158118	napA	Bacteria; Thermodesulfobacteria; Thermodesulfobacteria; Thermodesulfobacteriales; Thermodesulfobacteriaceae; Caldimicrobium	Bacteria; Thermodesulfobacteria; Thermodesulfobacteria; Thermodesulfobacteriales; Thermodesulfobacteriaceae	3.06701	0.330937	0.0
scaffold243144	napA	Bacteria; Proteobacteria	Bacteria; Proteobacteria	1.30408	0.216597	0.16912
scaffold170544	napA	Bacteria	Bacteria	1.10667	0.505808	0.39062
scaffold00454	napA	Bacteria; Proteobacteria; Deltaproteobacteria	Bacteria; Proteobacteria; Deltaproteobacteria	4.69173	0.463276	0.21875
scaffold01953	napA	Bacteria; Proteobacteria; Gammaproteobacteria; unclassified Gammaproteobacteria; Candidatus Thioglobus	Bacteria; Proteobacteria; Gammaproteobacteria; unclassified Gammaproteobacteria; Candidatus Thioglobus	146.867	1.0	0.0
scaffold201413	napA	Bacteria	Bacteria	1.13265	0.222895	0.15625
scaffold00223	napA	Bacteria; Firmicutes; Clostridia; Clostridiales; Symbiobacteriaceae; Symbiobacterium; Symbiobacterium thermophilum	Bacteria; Firmicutes; Clostridia; Clostridiales; Symbiobacteriaceae	3.51495	1.0	0.0
scaffold29226	napA	Bacteria; Firmicutes; Clostridia; Clostridiales; Symbiobacteriaceae; Symbiobacterium; Symbiobacterium thermophilum	Bacteria; Firmicutes; Clostridia; Clostridiales; Symbiobacteriaceae	1.08879	0.587832	0.0
scaffold120275	napA	Bacteria; Bacteroidetes; Cytophagia; Cytophagales; Flammeovirgaceae; Flammeovirga	Bacteria; Bacteroidetes; Cytophagia; Cytophagales; Flammeovirgaceae	1.47091	0.52658	0.0
scaffold00221	napA	Bacteria; Proteobacteria	Bacteria; Proteobacteria	5.05125	0.940041	0.20392
scaffold65832	napA	Bacteria; Firmicutes; Clostridia; Clostridiales; Symbiobacteriaceae; Symbiobacterium; Symbiobacterium thermophilum	Bacteria; Firmicutes; Clostridia; Clostridiales; Symbiobacteriaceae	3.87081	0.423286	0.0
scaffold36211	napA	Bacteria; Firmicutes; Clostridia; Clostridiales; Symbiobacteriaceae; Symbiobacterium; Symbiobacterium thermophilum	Bacteria; Firmicutes; Clostridia; Clostridiales; Symbiobacteriaceae	2.43472	0.998572	0.0
scaffold223412	napA	Bacteria; Proteobacteria; Deltaproteobacteria; Desulfobacterales; Desulfobulbaceae; Desulfobulbus; Desulfobulbus propionicus	Bacteria; Proteobacteria; Deltaproteobacteria; Desulfobacterales; Desulfobulbaceae	1.55656	0.839035	0.0
scaffold129526	napA	Bacteria; Firmicutes; Clostridia; Clostridiales; Symbiobacteriaceae; Symbiobacterium; Symbiobacterium thermophilum	Bacteria; Firmicutes; Clostridia; Clostridiales; Symbiobacteriaceae	3.16989	0.939646	0.0
scaffold262947	napA	Bacteria; Proteobacteria; Deltaproteobacteria; Myxococcales; Cystobacterineae; Archangiaceae; Cystobacter; Cystobacter fuscus	Bacteria; Proteobacteria; Deltaproteobacteria; Myxococcales; Cystobacterineae	2.61809	0.490728	0.0
scaffold243146	napA	Bacteria; Proteobacteria; Deltaproteobacteria	Bacteria; Proteobacteria; Deltaproteobacteria	1.72325	0.336945	0.21875
scaffold180841	napA	Bacteria; Proteobacteria; Gammaproteobacteria; unclassified Gammaproteobacteria; Candidatus Thioglobus	Bacteria; Proteobacteria; Gammaproteobacteria; unclassified Gammaproteobacteria; Candidatus Thioglobus	1.89278	1.0	0.0
scaffold01153	napA	Bacteria; Firmicutes; Clostridia; Clostridiales; Symbiobacteriaceae; Symbiobacterium; Symbiobacterium thermophilum	Bacteria; Firmicutes; Clostridia; Clostridiales; Symbiobacteriaceae	2.66947	0.800355	0.0
scaffold12230	napA	Bacteria; Proteobacteria; Deltaproteobacteria	Bacteria; Proteobacteria; Deltaproteobacteria	2.37742	0.756079	0.21875
scaffold49894	napA	unclassified sequences; metagenomes; ecological metagenomes	unclassified sequences; metagenomes; ecological metagenomes	0.972319	0.370728	0.0
scaffold02249	napA	Bacteria; Proteobacteria	Bacteria; Proteobacteria	3.39578	0.623168	0.20392
scaffold25162	napA	Bacteria; Proteobacteria; Deltaproteobacteria	Bacteria; Proteobacteria; Deltaproteobacteria	2.49912	0.997823	0.21875
scaffold188405	napA	Bacteria; Deferribacteres; Deferribacteres; Deferribacterales; Deferribacteraceae	Bacteria; Deferribacteres; Deferribacteres; Deferribacterales; Deferribacteraceae	1.37275	0.392586	0.075
scaffold62734	napA	Bacteria; Deferribacteres; Deferribacteres; Deferribacterales; Deferribacteraceae	Bacteria; Deferribacteres; Deferribacteres; Deferribacterales; Deferribacteraceae	2.48828	0.960917	0.075
scaffold03519	napA	Bacteria; Proteobacteria; Deltaproteobacteria	Bacteria; Proteobacteria; Deltaproteobacteria	5.35891	0.621628	0.21875
scaffold88605	napA	Bacteria; Proteobacteria; Deltaproteobacteria	Bacteria; Proteobacteria; Deltaproteobacteria	0.994547	0.942814	0.21875
scaffold59917	napA	Bacteria; Bacteroidetes	Bacteria; Bacteroidetes	1.88296	0.443895	0.325
scaffold139040	napA	Bacteria; Firmicutes; Clostridia; Clostridiales; unclassified Clostridiales; unclassified Clostridiales 	Bacteria; Firmicutes; Clostridia; Clostridiales; unclassified Clostridiales	1.83567	0.241014	0.0
scaffold55212	napA	Bacteria; unclassified Bacteria; Bacteria candidate phyla; candidate division NC10; Candidatus Methylomirabilis	Bacteria; unclassified Bacteria; Bacteria candidate phyla; candidate division NC10; Candidatus Methylomirabilis	1.83934	0.780522	0.0
scaffold01965	napA	Bacteria; Proteobacteria; Gammaproteobacteria; unclassified Gammaproteobacteria; Candidatus Thioglobus	Bacteria; Proteobacteria; Gammaproteobacteria; unclassified Gammaproteobacteria; Candidatus Thioglobus	145.523	1.0	0.0
scaffold60566	napA	Bacteria; Firmicutes; Clostridia; Clostridiales; unclassified Clostridiales; unclassified Clostridiales 	Bacteria; Firmicutes; Clostridia; Clostridiales; unclassified Clostridiales	1.81364	0.310788	0.0
scaffold15172	napA	Bacteria; Bacteroidetes	Bacteria; Bacteroidetes	8.09059	0.428185	0.16667
scaffold103968	napA	Bacteria; Proteobacteria; Deltaproteobacteria; Myxococcales; Cystobacterineae; Archangiaceae; Cystobacter; Cystobacter fuscus	Bacteria; Proteobacteria; Deltaproteobacteria; Myxococcales; Cystobacterineae	3.54033	0.757398	0.0
scaffold99528	napA	Bacteria; Proteobacteria; Alphaproteobacteria; Rhodobacterales; Rhodobacteraceae; Ponticoccus	Bacteria; Proteobacteria; Alphaproteobacteria; Rhodobacterales; Rhodobacteraceae	1.28951	0.815786	0.0
scaffold39756	napA	Bacteria; Firmicutes; Clostridia; Clostridiales; unclassified Clostridiales; unclassified Clostridiales 	Bacteria; Firmicutes; Clostridia; Clostridiales; unclassified Clostridiales	1.70093	0.837876	0.0
scaffold69956	napA	Bacteria; Proteobacteria; Gammaproteobacteria; unclassified Gammaproteobacteria	Bacteria; Proteobacteria; Gammaproteobacteria; unclassified Gammaproteobacteria	0.859532	0.635278	0.04297
scaffold02969	napA	Bacteria; Bacteroidetes	Bacteria; Bacteroidetes	8.59587	0.441116	0.16667
scaffold00289	napA	Bacteria; Proteobacteria; Gammaproteobacteria; unclassified Gammaproteobacteria; Candidatus Thioglobus	Bacteria; Proteobacteria; Gammaproteobacteria; unclassified Gammaproteobacteria; Candidatus Thioglobus	25.5491	1.0	0.0
scaffold07266	napA	Bacteria; Proteobacteria; Gammaproteobacteria; unclassified Gammaproteobacteria; Candidatus Thioglobus	Bacteria; Proteobacteria; Gammaproteobacteria; unclassified Gammaproteobacteria; Candidatus Thioglobus	25.1534	1.0	0.0
scaffold149290	napA	Bacteria; Proteobacteria; Gammaproteobacteria; unclassified Gammaproteobacteria; Candidatus Thioglobus	Bacteria; Proteobacteria; Gammaproteobacteria; unclassified Gammaproteobacteria; Candidatus Thioglobus	1.41675	1.0	0.0
scaffold00392	napA	Bacteria; Proteobacteria	Bacteria; Proteobacteria	4.37805	0.895724	0.20392
scaffold49201	napA	Bacteria; Bacteroidetes	Bacteria; Bacteroidetes	2.31958	0.564246	0.325
scaffold03077	napA	Bacteria; Planctomycetes; Planctomycetia; Planctomycetales; Planctomycetaceae; Rhodopirellula; Rhodopirellula maiorica	Bacteria; Planctomycetes; Planctomycetia; Planctomycetales; Planctomycetaceae	4.61674	0.299803	0.0
scaffold13945	napA	Bacteria; Firmicutes; Clostridia; Clostridiales; Symbiobacteriaceae; Symbiobacterium; Symbiobacterium thermophilum	Bacteria; Firmicutes; Clostridia; Clostridiales; Symbiobacteriaceae	1.80812	1.0	0.0
scaffold00053	napA	Bacteria; Proteobacteria; Deltaproteobacteria; Desulfovibrionales; Desulfovibrionaceae	Bacteria; Proteobacteria; Deltaproteobacteria; Desulfovibrionales; Desulfovibrionaceae	4.93228	0.341585	0.01562
scaffold14427	napA	Bacteria; Planctomycetes; Planctomycetia; Planctomycetales; Planctomycetaceae; Rhodopirellula	Bacteria; Planctomycetes; Planctomycetia; Planctomycetales; Planctomycetaceae	2.31564	0.225199	0.01172
scaffold80904	napA	Bacteria; Thermodesulfobacteria; Thermodesulfobacteria; Thermodesulfobacteriales; Thermodesulfobacteriaceae; Caldimicrobium	Bacteria; Thermodesulfobacteria; Thermodesulfobacteria; Thermodesulfobacteriales; Thermodesulfobacteriaceae	4.62801	0.398751	0.0
scaffold07634	napA	Bacteria; Firmicutes; Clostridia; Clostridiales; unclassified Clostridiales; unclassified Clostridiales 	Bacteria; Firmicutes; Clostridia; Clostridiales; unclassified Clostridiales	12.735	0.385351	0.0
scaffold71936	napA	Bacteria; Proteobacteria; Deltaproteobacteria	Bacteria; Proteobacteria; Deltaproteobacteria	3.03802	0.680966	0.21875
scaffold109474	napA	Bacteria; Firmicutes; Clostridia; Clostridiales; Symbiobacteriaceae; Symbiobacterium; Symbiobacterium thermophilum	Bacteria; Firmicutes; Clostridia; Clostridiales; Symbiobacteriaceae	2.66839	0.960227	0.0
scaffold10993	napA	Bacteria; Firmicutes; Clostridia; Clostridiales; Symbiobacteriaceae; Symbiobacterium; Symbiobacterium thermophilum	Bacteria; Firmicutes; Clostridia; Clostridiales; Symbiobacteriaceae	6.16495	0.999822	0.0
scaffold17151	napA	Bacteria; Firmicutes; Clostridia; Clostridiales; Symbiobacteriaceae; Symbiobacterium; Symbiobacterium thermophilum	Bacteria; Firmicutes; Clostridia; Clostridiales; Symbiobacteriaceae	2.03428	0.767603	0.0
scaffold18964	napA	Bacteria; Proteobacteria; Gammaproteobacteria; unclassified Gammaproteobacteria; Candidatus Thioglobus	Bacteria; Proteobacteria; Gammaproteobacteria; unclassified Gammaproteobacteria; Candidatus Thioglobus	1.24386	1.0	0.0
scaffold00123	napA	Bacteria; Proteobacteria	Bacteria; Proteobacteria	5.05248	0.985203	0.20392
scaffold00955	napA	Bacteria; Firmicutes; Clostridia; Clostridiales; Symbiobacteriaceae; Symbiobacterium; Symbiobacterium thermophilum	Bacteria; Firmicutes; Clostridia; Clostridiales; Symbiobacteriaceae	2.15089	0.993448	0.0
scaffold211602	napA	Bacteria; Firmicutes; Clostridia; Clostridiales; Peptococcaceae; Desulfitobacterium	Bacteria; Firmicutes; Clostridia; Clostridiales; Peptococcaceae	0.518097	0.536954	0.0
scaffold50466	napA	Bacteria; Proteobacteria; Epsilonproteobacteria; Campylobacterales; Campylobacteraceae; Arcobacter	Bacteria; Proteobacteria; Epsilonproteobacteria; Campylobacterales; Campylobacteraceae	2.07159	0.999862	0.0
scaffold51118	napA	Bacteria; Proteobacteria; Epsilonproteobacteria; unclassified Epsilonproteobacteria; Sulfurovum	Bacteria; Proteobacteria; Epsilonproteobacteria; unclassified Epsilonproteobacteria; Sulfurovum	1.90745	0.663726	0.0
scaffold00560	napA	Bacteria; Proteobacteria; Deltaproteobacteria	Bacteria; Proteobacteria; Deltaproteobacteria	5.25578	0.348847	0.21875
scaffold72172	napA	Bacteria; Firmicutes; Clostridia; Clostridiales; Symbiobacteriaceae; Symbiobacterium; Symbiobacterium thermophilum	Bacteria; Firmicutes; Clostridia; Clostridiales; Symbiobacteriaceae	2.95171	0.870529	0.0
scaffold00785	napA	Bacteria; Bacteroidetes	Bacteria; Bacteroidetes	2.78932	0.390136	0.325
scaffold22939	napA	Bacteria; Bacteroidetes	Bacteria; Bacteroidetes	4.03823	0.441877	0.16667
scaffold45212	napA	Bacteria; Firmicutes; Negativicutes; Selenomonadales; Selenomonadaceae; Selenomonas; Selenomonas ruminantium; Selenomonas ruminantium subsp. lactilytica	Bacteria; Firmicutes; Negativicutes; Selenomonadales; Selenomonadaceae	1.84842	0.290338	0.0
scaffold07338	napA	Bacteria; Proteobacteria; Gammaproteobacteria; unclassified Gammaproteobacteria; Candidatus Thioglobus	Bacteria; Proteobacteria; Gammaproteobacteria; unclassified Gammaproteobacteria; Candidatus Thioglobus	2.20064	1.0	0.0
scaffold176601	napA	Bacteria; Firmicutes; Clostridia; Clostridiales; Symbiobacteriaceae; Symbiobacterium; Symbiobacterium thermophilum	Bacteria; Firmicutes; Clostridia; Clostridiales; Symbiobacteriaceae	1.79005	0.363687	0.0
scaffold190578	napA	Bacteria; Proteobacteria; Gammaproteobacteria; unclassified Gammaproteobacteria; Candidatus Thioglobus	Bacteria; Proteobacteria; Gammaproteobacteria; unclassified Gammaproteobacteria; Candidatus Thioglobus	22.9687	1.0	0.0
scaffold64858	napA	Bacteria	Bacteria	6.07655	0.456899	0.42188
scaffold128626	napA	Bacteria; Bacteroidetes	Bacteria; Bacteroidetes	1.65748	0.241816	0.16667
scaffold30890	napA	Bacteria; Proteobacteria; Deltaproteobacteria	Bacteria; Proteobacteria; Deltaproteobacteria	2.44756	0.31989	0.21875
scaffold00393	napA	Bacteria; Proteobacteria; Gammaproteobacteria; unclassified Gammaproteobacteria; Candidatus Thioglobus	Bacteria; Proteobacteria; Gammaproteobacteria; unclassified Gammaproteobacteria; Candidatus Thioglobus	3.86176	1.0	0.0
scaffold11515	napA	Bacteria; Firmicutes; Clostridia; Clostridiales; Symbiobacteriaceae; Symbiobacterium; Symbiobacterium thermophilum	Bacteria; Firmicutes; Clostridia; Clostridiales; Symbiobacteriaceae	2.78565	1.0	0.0
scaffold00865	napA	Bacteria; Firmicutes; Clostridia; Clostridiales; Symbiobacteriaceae; Symbiobacterium; Symbiobacterium thermophilum	Bacteria; Firmicutes; Clostridia; Clostridiales; Symbiobacteriaceae	6.4354	1.0	0.0
scaffold213833	napA	Bacteria; Firmicutes; Clostridia; Clostridiales; Peptococcaceae; Desulfitobacterium	Bacteria; Firmicutes; Clostridia; Clostridiales; Peptococcaceae	1.21332	0.32485	0.0
scaffold25617	napA	Bacteria; Aquificae; Aquificae; Aquificales; Aquificales genera incertae sedis; Thermosulfidibacter; Thermosulfidibacter takaii	Bacteria; Aquificae; Aquificae; Aquificales; Aquificales genera incertae sedis	2.38148	0.41357	0.0
scaffold83740	napA	Bacteria; Acidobacteria; unclassified Acidobacteria; Acidobacteria subdivision 22	Bacteria; Acidobacteria; unclassified Acidobacteria; Acidobacteria subdivision 22	1.66832	0.966427	0.0
scaffold29445	napA	Bacteria; Proteobacteria	Bacteria; Proteobacteria	2.45943	0.28966	0.20392
scaffold243431	napA	Bacteria; Acidobacteria; unclassified Acidobacteria; Acidobacteria subdivision 23; Thermoanaerobaculum	Bacteria; Acidobacteria; unclassified Acidobacteria; Acidobacteria subdivision 23; Thermoanaerobaculum	1.35066	0.551545	0.0
scaffold01238	napA	Bacteria; Deferribacteres; Deferribacteres; Deferribacterales; Deferribacteraceae	Bacteria; Deferribacteres; Deferribacteres; Deferribacterales; Deferribacteraceae	9.52881	0.87415	0.075
scaffold234979	napA	Bacteria; Firmicutes; Clostridia; Clostridiales; Symbiobacteriaceae; Symbiobacterium; Symbiobacterium thermophilum	Bacteria; Firmicutes; Clostridia; Clostridiales; Symbiobacteriaceae	1.41593	0.541345	0.0
scaffold00015	napA	Bacteria; Firmicutes; Clostridia; Clostridiales; Symbiobacteriaceae; Symbiobacterium; Symbiobacterium thermophilum	Bacteria; Firmicutes; Clostridia; Clostridiales; Symbiobacteriaceae	5.20197	0.999877	0.0
scaffold00163	napA	Bacteria; Firmicutes; Clostridia; Clostridiales; Symbiobacteriaceae; Symbiobacterium; Symbiobacterium thermophilum	Bacteria; Firmicutes; Clostridia; Clostridiales; Symbiobacteriaceae	2.94605	0.719705	0.0
scaffold03701	napA	Bacteria; Firmicutes; Clostridia; Clostridiales; Symbiobacteriaceae; Symbiobacterium; Symbiobacterium thermophilum	Bacteria; Firmicutes; Clostridia; Clostridiales; Symbiobacteriaceae	3.10534	0.990682	0.0
scaffold00109	napA	Bacteria; Proteobacteria; Gammaproteobacteria; Thiotrichales; Thiotrichaceae	Bacteria; Proteobacteria; Gammaproteobacteria; Thiotrichales; Thiotrichaceae	19.5343	0.998046	0.01562
scaffold06355	napA	Bacteria; Firmicutes; Negativicutes; Selenomonadales	Bacteria; Firmicutes; Negativicutes; Selenomonadales	4.83353	0.210278	0.09375
scaffold02345	napA	Bacteria; Firmicutes; Clostridia; Clostridiales; Symbiobacteriaceae; Symbiobacterium; Symbiobacterium thermophilum	Bacteria; Firmicutes; Clostridia; Clostridiales; Symbiobacteriaceae	4.39133	1.0	0.0
scaffold39132	napA	Bacteria; Firmicutes; Clostridia; Clostridiales; Symbiobacteriaceae; Symbiobacterium; Symbiobacterium thermophilum	Bacteria; Firmicutes; Clostridia; Clostridiales; Symbiobacteriaceae	4.65016	0.887404	0.0
scaffold213048	napA	Bacteria	Bacteria	1.90665	0.477374	0.42188
scaffold01213	napA	Bacteria; Firmicutes; Clostridia; Clostridiales; Symbiobacteriaceae; Symbiobacterium; Symbiobacterium thermophilum	Bacteria; Firmicutes; Clostridia; Clostridiales; Symbiobacteriaceae	44.3975	0.871145	0.0
scaffold244314	napA	Bacteria; Planctomycetes; Planctomycetia; Planctomycetales; Planctomycetaceae; Rhodopirellula	Bacteria; Planctomycetes; Planctomycetia; Planctomycetales; Planctomycetaceae	0.605466	0.435246	0.0
scaffold118013	napA	Bacteria; Actinobacteria; Coriobacteriia; Eggerthellales; Eggerthellaceae	Bacteria; Actinobacteria; Coriobacteriia; Eggerthellales; Eggerthellaceae	0.929048	0.35168	0.03125
scaffold57026	napA	Bacteria; Firmicutes; Clostridia; Clostridiales; Symbiobacteriaceae; Symbiobacterium; Symbiobacterium thermophilum	Bacteria; Firmicutes; Clostridia; Clostridiales; Symbiobacteriaceae	2.37389	1.0	0.0
scaffold59273	napA	Bacteria; Deferribacteres; Deferribacteres; Deferribacterales; Deferribacteraceae	Bacteria; Deferribacteres; Deferribacteres; Deferribacterales; Deferribacteraceae	2.29293	0.211558	0.075
scaffold34329	napA	Bacteria; Proteobacteria; Deltaproteobacteria	Bacteria; Proteobacteria; Deltaproteobacteria	2.17593	0.864706	0.21875
scaffold134863	napA	Bacteria; Proteobacteria; Gammaproteobacteria; unclassified Gammaproteobacteria; Candidatus Thioglobus	Bacteria; Proteobacteria; Gammaproteobacteria; unclassified Gammaproteobacteria; Candidatus Thioglobus	1.1362	0.999999	0.0
scaffold210934	napA	Bacteria; Chloroflexi; Ardenticatenia; Ardenticatenales; Ardenticatenaceae; Ardenticatena	Bacteria; Chloroflexi; Ardenticatenia; Ardenticatenales; Ardenticatenaceae	1.54864	0.657063	0.0
scaffold02094	napA	Bacteria; Proteobacteria; Deltaproteobacteria	Bacteria; Proteobacteria; Deltaproteobacteria	3.96008	0.419577	0.21875
scaffold198765	napA	Bacteria; Proteobacteria; Gammaproteobacteria; unclassified Gammaproteobacteria; Candidatus Thioglobus	Bacteria; Proteobacteria; Gammaproteobacteria; unclassified Gammaproteobacteria; Candidatus Thioglobus	0.999708	1.0	0.0
scaffold83716	napA	Bacteria; Firmicutes; Clostridia; Clostridiales; Symbiobacteriaceae; Symbiobacterium; Symbiobacterium thermophilum	Bacteria; Firmicutes; Clostridia; Clostridiales; Symbiobacteriaceae	1.33971	0.998371	0.0
scaffold176826	napA	Bacteria; Firmicutes; Clostridia; Clostridiales; Symbiobacteriaceae; Symbiobacterium; Symbiobacterium thermophilum	Bacteria; Firmicutes; Clostridia; Clostridiales; Symbiobacteriaceae	0.85611	0.999964	0.0
scaffold52358	napA	Bacteria; Firmicutes; Clostridia; Clostridiales; Symbiobacteriaceae; Symbiobacterium; Symbiobacterium thermophilum	Bacteria; Firmicutes; Clostridia; Clostridiales; Symbiobacteriaceae	2.08653	0.848761	0.0
scaffold120813	napA	Bacteria; Firmicutes; Clostridia; Clostridiales; Symbiobacteriaceae; Symbiobacterium; Symbiobacterium thermophilum	Bacteria; Firmicutes; Clostridia; Clostridiales; Symbiobacteriaceae	0.721717	0.783576	0.0
scaffold06110	napA	Bacteria; Firmicutes; Clostridia; Clostridiales; Symbiobacteriaceae; Symbiobacterium; Symbiobacterium thermophilum	Bacteria; Firmicutes; Clostridia; Clostridiales; Symbiobacteriaceae	157.283	0.755785	0.0
scaffold186485	napA	Bacteria; Proteobacteria; Betaproteobacteria; Burkholderiales; Sutterellaceae; Sutterella; Sutterella parvirubra	Bacteria; Proteobacteria; Betaproteobacteria; Burkholderiales; Sutterellaceae	1.16294	0.225583	0.0
scaffold06847	napA	Bacteria; Firmicutes; Clostridia; Clostridiales; Symbiobacteriaceae; Symbiobacterium; Symbiobacterium thermophilum	Bacteria; Firmicutes; Clostridia; Clostridiales; Symbiobacteriaceae	10.8984	0.999997	0.0
scaffold02166	napA	Bacteria; Firmicutes; Clostridia; Clostridiales; Symbiobacteriaceae; Symbiobacterium; Symbiobacterium thermophilum	Bacteria; Firmicutes; Clostridia; Clostridiales; Symbiobacteriaceae	3.06415	0.999999	0.0
scaffold09012	napA	Bacteria	Bacteria	4.58503	0.364183	0.42188
scaffold81029	napA	Bacteria; Bacteroidetes	Bacteria; Bacteroidetes	1.36403	0.557487	0.325
scaffold53761	napA	Bacteria; Proteobacteria; Deltaproteobacteria; Myxococcales; Cystobacterineae; Archangiaceae; Cystobacter; Cystobacter fuscus	Bacteria; Proteobacteria; Deltaproteobacteria; Myxococcales; Cystobacterineae	3.34199	0.319489	0.0
scaffold78375	napA	Bacteria	Bacteria	4.88256	0.312476	0.4375
scaffold150031	napA	Bacteria; Firmicutes; Clostridia; Clostridiales; unclassified Clostridiales; unclassified Clostridiales 	Bacteria; Firmicutes; Clostridia; Clostridiales; unclassified Clostridiales	1.34591	0.264904	0.0
scaffold01909	napA	Bacteria; Proteobacteria; Deltaproteobacteria	Bacteria; Proteobacteria; Deltaproteobacteria	6.88249	0.325944	0.21875
scaffold02505	napA	Bacteria; Firmicutes; Clostridia; Clostridiales; Symbiobacteriaceae; Symbiobacterium; Symbiobacterium thermophilum	Bacteria; Firmicutes; Clostridia; Clostridiales; Symbiobacteriaceae	18.2649	0.835209	0.0
scaffold22284	napA	Bacteria	Bacteria	4.28186	0.563524	0.39062
scaffold76717	napA	Bacteria	Bacteria	1.05581	0.617791	0.39062
scaffold118341	napA	Bacteria; Proteobacteria; Gammaproteobacteria; unclassified Gammaproteobacteria; Candidatus Thioglobus	Bacteria; Proteobacteria; Gammaproteobacteria; unclassified Gammaproteobacteria; Candidatus Thioglobus	1.42454	1.0	0.0
scaffold146622	napA	Bacteria; Bacteroidetes	Bacteria; Bacteroidetes	0.629994	0.732923	0.325
scaffold02028	napA	Bacteria; Thermodesulfobacteria; Thermodesulfobacteria; Thermodesulfobacteriales; Thermodesulfobacteriaceae; Caldimicrobium	Bacteria; Thermodesulfobacteria; Thermodesulfobacteria; Thermodesulfobacteriales; Thermodesulfobacteriaceae	10.743	0.31253	0.0
scaffold03650	napA	Bacteria; Proteobacteria; Deltaproteobacteria	Bacteria; Proteobacteria; Deltaproteobacteria	8.06091	0.326206	0.21875
scaffold01609	napA	Bacteria; Proteobacteria	Bacteria; Proteobacteria	5.3803	0.322662	0.20392
scaffold13340	napA	Bacteria	Bacteria	9.02164	0.567442	0.42188
